id,course_id,course_name,tee_date,tee_time,price,holes,rate_name,is_hot_deal,days_ahead,players_available,booked_players,occupancy_pct,fetched_at
1,1315,Tierra Verde,2026-06-25,15:50,73.0,18,18 Holes,0,0,4,,,2026-06-25T20:11:16.822526+00:00
2,1315,Tierra Verde,2026-06-25,15:50,185.0,18,Prepaid - 18 Holes,0,0,4,,,2026-06-25T20:11:16.823664+00:00
3,1315,Tierra Verde,2026-06-25,16:10,63.0,18,18 Holes,0,0,4,,,2026-06-25T20:11:16.824851+00:00
4,1315,Tierra Verde,2026-06-25,16:10,185.0,18,Prepaid - 18 Holes,0,0,4,,,2026-06-25T20:11:16.825575+00:00
5,1315,Tierra Verde,2026-06-25,16:20,63.0,18,18 Holes,0,0,4,,,2026-06-25T20:11:16.826456+00:00
6,1315,Tierra Verde,2026-06-25,16:20,185.0,18,Prepaid - 18 Holes,0,0,4,,,2026-06-25T20:11:16.828038+00:00
7,1315,Tierra Verde,2026-06-25,16:30,63.0,18,18 Holes,0,0,4,,,2026-06-25T20:11:17.706920+00:00
8,1315,Tierra Verde,2026-06-25,16:30,185.0,18,Prepaid - 18 Holes,0,0,4,,,2026-06-25T20:11:17.707674+00:00
9,1315,Tierra Verde,2026-06-25,16:40,63.0,18,18 Holes,0,0,4,,,2026-06-25T20:11:18.038696+00:00
10,1315,Tierra Verde,2026-06-25,16:40,185.0,18,Prepaid - 18 Holes,0,0,4,,,2026-06-25T20:11:18.039433+00:00
11,1315,Tierra Verde,2026-06-25,16:50,63.0,18,18 Holes,0,0,4,,,2026-06-25T20:11:18.423814+00:00
12,1315,Tierra Verde,2026-06-25,16:50,185.0,18,Prepaid - 18 Holes,0,0,4,,,2026-06-25T20:11:18.424540+00:00
13,1315,Tierra Verde,2026-06-25,17:10,49.0,18,18 Holes,0,0,2,2,100.0,2026-06-25T20:11:18.625528+00:00
14,1315,Tierra Verde,2026-06-25,17:10,185.0,18,Prepaid - 18 Holes,0,0,2,2,100.0,2026-06-25T20:11:18.626400+00:00
15,1315,Tierra Verde,2026-06-26,12:20,77.99,18,Hot Deal,1,1,2,2,100.0,2026-06-25T20:11:19.076880+00:00
16,1315,Tierra Verde,2026-06-26,12:20,91.0,18,18 Holes,0,1,2,2,100.0,2026-06-25T20:11:19.078008+00:00
17,1315,Tierra Verde,2026-06-26,12:20,185.0,18,Prepaid - 18 Holes,0,1,2,2,100.0,2026-06-25T20:11:19.078736+00:00
18,1315,Tierra Verde,2026-06-26,13:00,89.0,18,18 Holes,0,1,2,2,100.0,2026-06-25T20:11:19.322267+00:00
19,1315,Tierra Verde,2026-06-26,13:00,185.0,18,Prepaid - 18 Holes,0,1,2,2,100.0,2026-06-25T20:11:19.322991+00:00
20,1315,Tierra Verde,2026-06-26,13:10,89.0,18,18 Holes,0,1,2,2,100.0,2026-06-25T20:11:19.324083+00:00
21,1315,Tierra Verde,2026-06-26,13:10,185.0,18,Prepaid - 18 Holes,0,1,2,2,100.0,2026-06-25T20:11:19.324762+00:00
22,1315,Tierra Verde,2026-06-26,14:10,89.0,18,18 Holes,0,1,2,2,100.0,2026-06-25T20:11:19.532915+00:00
23,1315,Tierra Verde,2026-06-26,14:10,185.0,18,Prepaid - 18 Holes,0,1,2,2,100.0,2026-06-25T20:11:19.533775+00:00
24,1315,Tierra Verde,2026-06-26,14:20,89.0,18,18 Holes,0,1,2,2,100.0,2026-06-25T20:11:19.534770+00:00
25,1315,Tierra Verde,2026-06-26,14:20,185.0,18,Prepaid - 18 Holes,0,1,2,2,100.0,2026-06-25T20:11:19.535485+00:00
26,1315,Tierra Verde,2026-06-26,15:30,91.0,18,18 Holes,0,1,2,2,100.0,2026-06-25T20:11:19.874812+00:00
27,1315,Tierra Verde,2026-06-26,15:30,185.0,18,Prepaid - 18 Holes,0,1,2,2,100.0,2026-06-25T20:11:19.875563+00:00
28,1315,Tierra Verde,2026-06-26,16:00,73.0,18,18 Holes,0,1,2,2,100.0,2026-06-25T20:11:19.876528+00:00
29,1315,Tierra Verde,2026-06-26,16:00,185.0,18,Prepaid - 18 Holes,0,1,2,2,100.0,2026-06-25T20:11:19.877106+00:00
30,1315,Tierra Verde,2026-06-26,16:10,73.0,18,18 Holes,0,1,4,,,2026-06-25T20:11:19.877902+00:00
31,1315,Tierra Verde,2026-06-26,16:10,185.0,18,Prepaid - 18 Holes,0,1,4,,,2026-06-25T20:11:19.878526+00:00
32,1315,Tierra Verde,2026-06-26,16:20,73.0,18,18 Holes,0,1,4,,,2026-06-25T20:11:20.049632+00:00
33,1315,Tierra Verde,2026-06-26,16:20,185.0,18,Prepaid - 18 Holes,0,1,4,,,2026-06-25T20:11:20.050338+00:00
34,1315,Tierra Verde,2026-06-26,16:30,73.0,18,18 Holes,0,1,4,,,2026-06-25T20:11:20.262513+00:00
35,1315,Tierra Verde,2026-06-26,16:30,185.0,18,Prepaid - 18 Holes,0,1,4,,,2026-06-25T20:11:20.263271+00:00
36,1315,Tierra Verde,2026-06-26,16:40,73.0,18,18 Holes,0,1,4,,,2026-06-25T20:11:20.490548+00:00
37,1315,Tierra Verde,2026-06-26,16:40,185.0,18,Prepaid - 18 Holes,0,1,4,,,2026-06-25T20:11:20.491278+00:00
38,1315,Tierra Verde,2026-06-26,16:50,73.0,18,18 Holes,0,1,4,,,2026-06-25T20:11:20.686378+00:00
39,1315,Tierra Verde,2026-06-26,16:50,185.0,18,Prepaid - 18 Holes,0,1,4,,,2026-06-25T20:11:20.687071+00:00
40,1315,Tierra Verde,2026-06-26,17:00,59.0,18,18 Holes,0,1,4,,,2026-06-25T20:11:20.939214+00:00
41,1315,Tierra Verde,2026-06-26,17:00,185.0,18,Prepaid - 18 Holes,0,1,4,,,2026-06-25T20:11:20.939918+00:00
42,1315,Tierra Verde,2026-06-26,17:10,59.0,18,18 Holes,0,1,4,,,2026-06-25T20:11:20.940768+00:00
43,1315,Tierra Verde,2026-06-26,17:10,185.0,18,Prepaid - 18 Holes,0,1,4,,,2026-06-25T20:11:20.941277+00:00
44,1315,Tierra Verde,2026-06-27,15:20,87.99,18,Hot Deal,1,2,2,2,100.0,2026-06-25T20:11:21.328631+00:00
45,1315,Tierra Verde,2026-06-27,15:20,103.0,18,18 Holes,0,2,2,2,100.0,2026-06-25T20:11:21.329592+00:00
46,1315,Tierra Verde,2026-06-27,15:20,185.0,18,Prepaid - 18 Holes,0,2,2,2,100.0,2026-06-25T20:11:21.330265+00:00
47,1315,Tierra Verde,2026-06-27,15:40,87.99,18,Hot Deal,1,2,4,,,2026-06-25T20:11:21.517227+00:00
48,1315,Tierra Verde,2026-06-27,15:40,103.0,18,18 Holes,0,2,4,,,2026-06-25T20:11:21.518009+00:00
49,1315,Tierra Verde,2026-06-27,16:00,90.0,18,18 Holes,0,2,4,,,2026-06-25T20:11:21.752546+00:00
50,1315,Tierra Verde,2026-06-27,16:10,90.0,18,18 Holes,0,2,4,,,2026-06-25T20:11:21.753585+00:00
51,1315,Tierra Verde,2026-06-27,16:20,90.0,18,18 Holes,0,2,4,,,2026-06-25T20:11:21.754762+00:00
52,1315,Tierra Verde,2026-06-27,16:30,90.0,18,18 Holes,0,2,4,,,2026-06-25T20:11:21.755685+00:00
53,1315,Tierra Verde,2026-06-27,16:40,90.0,18,18 Holes,0,2,4,,,2026-06-25T20:11:21.756625+00:00
54,1315,Tierra Verde,2026-06-27,17:10,70.0,18,18 Holes,0,2,4,,,2026-06-25T20:11:21.757778+00:00
55,1315,Tierra Verde,2026-06-27,17:20,70.0,18,18 Holes,0,2,4,,,2026-06-25T20:11:21.758663+00:00
56,1315,Tierra Verde,2026-06-27,17:30,70.0,18,18 Holes,0,2,4,,,2026-06-25T20:11:21.759665+00:00
57,1315,Tierra Verde,2026-06-27,17:40,70.0,18,18 Holes,0,2,4,,,2026-06-25T20:11:21.760652+00:00
58,1315,Tierra Verde,2026-06-27,17:50,70.0,18,18 Holes,0,2,4,,,2026-06-25T20:11:21.761642+00:00
59,1315,Tierra Verde,2026-06-28,14:10,97.0,18,18 Holes,0,3,2,2,100.0,2026-06-25T20:11:22.040697+00:00
60,1315,Tierra Verde,2026-06-28,14:20,82.99,18,Hot Deal,1,3,4,,,2026-06-25T20:11:22.042499+00:00
61,1315,Tierra Verde,2026-06-28,14:20,97.0,18,18 Holes,0,3,4,,,2026-06-25T20:11:22.043149+00:00
62,1315,Tierra Verde,2026-06-28,14:30,82.99,18,Hot Deal,1,3,4,,,2026-06-25T20:11:22.275415+00:00
63,1315,Tierra Verde,2026-06-28,14:30,97.0,18,18 Holes,0,3,4,,,2026-06-25T20:11:22.276054+00:00
64,1315,Tierra Verde,2026-06-28,14:40,97.0,18,18 Holes,0,3,4,,,2026-06-25T20:11:22.438879+00:00
65,1315,Tierra Verde,2026-06-28,15:00,94.0,18,18 Holes,0,3,4,,,2026-06-25T20:11:22.439787+00:00
66,1315,Tierra Verde,2026-06-28,15:10,94.0,18,18 Holes,0,3,4,,,2026-06-25T20:11:22.440657+00:00
67,1315,Tierra Verde,2026-06-28,15:20,94.0,18,18 Holes,0,3,4,,,2026-06-25T20:11:22.441454+00:00
68,1315,Tierra Verde,2026-06-28,15:30,94.0,18,18 Holes,0,3,4,,,2026-06-25T20:11:22.442230+00:00
69,1315,Tierra Verde,2026-06-28,15:40,94.0,18,18 Holes,0,3,4,,,2026-06-25T20:11:22.443110+00:00
70,1315,Tierra Verde,2026-06-28,16:00,90.0,18,18 Holes,0,3,4,,,2026-06-25T20:11:22.443950+00:00
71,1315,Tierra Verde,2026-06-28,16:10,90.0,18,18 Holes,0,3,4,,,2026-06-25T20:11:22.444738+00:00
72,1315,Tierra Verde,2026-06-28,16:20,90.0,18,18 Holes,0,3,4,,,2026-06-25T20:11:22.445597+00:00
73,1315,Tierra Verde,2026-06-28,16:30,90.0,18,18 Holes,0,3,4,,,2026-06-25T20:11:22.446404+00:00
74,1315,Tierra Verde,2026-06-28,16:40,90.0,18,18 Holes,0,3,4,,,2026-06-25T20:11:22.447212+00:00
75,1315,Tierra Verde,2026-06-28,17:00,70.0,18,18 Holes,0,3,4,,,2026-06-25T20:11:22.448021+00:00
76,1315,Tierra Verde,2026-06-28,17:10,70.0,18,18 Holes,0,3,4,,,2026-06-25T20:11:22.448805+00:00
77,1315,Tierra Verde,2026-06-28,17:20,70.0,18,18 Holes,0,3,4,,,2026-06-25T20:11:22.449592+00:00
78,1315,Tierra Verde,2026-06-28,17:30,70.0,18,18 Holes,0,3,4,,,2026-06-25T20:11:22.450364+00:00
79,1315,Tierra Verde,2026-06-28,17:40,70.0,18,18 Holes,0,3,4,,,2026-06-25T20:11:22.451357+00:00
80,1315,Tierra Verde,2026-06-28,17:50,70.0,18,18 Holes,0,3,4,,,2026-06-25T20:11:22.452243+00:00
81,1315,Tierra Verde,2026-06-28,18:00,70.0,18,18 Holes,0,3,4,,,2026-06-25T20:11:22.453026+00:00
82,1315,Tierra Verde,2026-06-28,18:10,70.0,18,18 Holes,0,3,4,,,2026-06-25T20:11:22.453893+00:00
83,1315,Tierra Verde,2026-06-28,18:20,70.0,18,18 Holes,0,3,4,,,2026-06-25T20:11:22.454670+00:00
84,1315,Tierra Verde,2026-06-28,18:30,70.0,18,18 Holes,0,3,4,,,2026-06-25T20:11:22.455476+00:00
85,1315,Tierra Verde,2026-06-29,08:10,79.0,18,18 Holes,0,4,2,2,100.0,2026-06-25T20:11:22.837616+00:00
86,1315,Tierra Verde,2026-06-29,08:10,185.0,18,Prepaid - 18 Holes,0,4,2,2,100.0,2026-06-25T20:11:22.838634+00:00
87,1315,Tierra Verde,2026-06-29,11:20,60.99,18,Hot Deal,1,4,4,,,2026-06-25T20:11:22.839608+00:00
88,1315,Tierra Verde,2026-06-29,11:20,71.0,18,18 Holes,0,4,4,,,2026-06-25T20:11:22.840254+00:00
89,1315,Tierra Verde,2026-06-29,11:20,185.0,18,Prepaid - 18 Holes,0,4,4,,,2026-06-25T20:11:22.840836+00:00
90,1315,Tierra Verde,2026-06-29,11:30,71.0,18,18 Holes,0,4,4,,,2026-06-25T20:11:23.137635+00:00
91,1315,Tierra Verde,2026-06-29,11:30,185.0,18,Prepaid - 18 Holes,0,4,4,,,2026-06-25T20:11:23.139547+00:00
92,1315,Tierra Verde,2026-06-29,11:40,71.0,18,18 Holes,0,4,4,,,2026-06-25T20:11:23.536715+00:00
93,1315,Tierra Verde,2026-06-29,11:40,185.0,18,Prepaid - 18 Holes,0,4,4,,,2026-06-25T20:11:23.537400+00:00
94,1315,Tierra Verde,2026-06-29,12:10,68.0,18,18 Holes,0,4,4,,,2026-06-25T20:11:23.763323+00:00
95,1315,Tierra Verde,2026-06-29,12:10,185.0,18,Prepaid - 18 Holes,0,4,4,,,2026-06-25T20:11:23.763991+00:00
96,1315,Tierra Verde,2026-06-29,12:20,68.0,18,18 Holes,0,4,4,,,2026-06-25T20:11:23.764904+00:00
97,1315,Tierra Verde,2026-06-29,12:20,185.0,18,Prepaid - 18 Holes,0,4,4,,,2026-06-25T20:11:23.765498+00:00
98,1315,Tierra Verde,2026-06-29,12:30,68.0,18,18 Holes,0,4,4,,,2026-06-25T20:11:23.859352+00:00
99,1315,Tierra Verde,2026-06-29,12:30,185.0,18,Prepaid - 18 Holes,0,4,4,,,2026-06-25T20:11:23.860368+00:00
100,1315,Tierra Verde,2026-06-29,12:40,68.0,18,18 Holes,0,4,4,,,2026-06-25T20:11:24.041446+00:00
101,1315,Tierra Verde,2026-06-29,12:40,185.0,18,Prepaid - 18 Holes,0,4,4,,,2026-06-25T20:11:24.042147+00:00
102,1315,Tierra Verde,2026-06-29,12:50,68.0,18,18 Holes,0,4,4,,,2026-06-25T20:11:24.146869+00:00
103,1315,Tierra Verde,2026-06-29,12:50,185.0,18,Prepaid - 18 Holes,0,4,4,,,2026-06-25T20:11:24.147736+00:00
104,1315,Tierra Verde,2026-06-29,13:00,68.0,18,18 Holes,0,4,4,,,2026-06-25T20:11:24.279696+00:00
105,1315,Tierra Verde,2026-06-29,13:00,185.0,18,Prepaid - 18 Holes,0,4,4,,,2026-06-25T20:11:24.280609+00:00
106,1315,Tierra Verde,2026-06-29,13:10,68.0,18,18 Holes,0,4,4,,,2026-06-25T20:11:24.281617+00:00
107,1315,Tierra Verde,2026-06-29,13:10,185.0,18,Prepaid - 18 Holes,0,4,4,,,2026-06-25T20:11:24.282185+00:00
108,1315,Tierra Verde,2026-06-29,13:30,68.0,18,18 Holes,0,4,4,,,2026-06-25T20:11:24.460573+00:00
109,1315,Tierra Verde,2026-06-29,13:30,185.0,18,Prepaid - 18 Holes,0,4,4,,,2026-06-25T20:11:24.461405+00:00
110,1315,Tierra Verde,2026-06-29,13:40,68.0,18,18 Holes,0,4,4,,,2026-06-25T20:11:24.555576+00:00
111,1315,Tierra Verde,2026-06-29,13:40,185.0,18,Prepaid - 18 Holes,0,4,4,,,2026-06-25T20:11:24.583106+00:00
112,1315,Tierra Verde,2026-06-29,13:50,68.0,18,18 Holes,0,4,4,,,2026-06-25T20:11:24.682395+00:00
113,1315,Tierra Verde,2026-06-29,13:50,185.0,18,Prepaid - 18 Holes,0,4,4,,,2026-06-25T20:11:24.683485+00:00
114,1315,Tierra Verde,2026-06-29,14:00,68.0,18,18 Holes,0,4,4,,,2026-06-25T20:11:24.837969+00:00
115,1315,Tierra Verde,2026-06-29,14:00,185.0,18,Prepaid - 18 Holes,0,4,4,,,2026-06-25T20:11:24.838653+00:00
116,1315,Tierra Verde,2026-06-29,14:10,68.0,18,18 Holes,0,4,4,,,2026-06-25T20:11:24.839682+00:00
117,1315,Tierra Verde,2026-06-29,14:10,185.0,18,Prepaid - 18 Holes,0,4,4,,,2026-06-25T20:11:24.840358+00:00
118,1315,Tierra Verde,2026-06-29,14:20,68.0,18,18 Holes,0,4,4,,,2026-06-25T20:11:24.953504+00:00
119,1315,Tierra Verde,2026-06-29,14:20,185.0,18,Prepaid - 18 Holes,0,4,4,,,2026-06-25T20:11:24.954445+00:00
120,1315,Tierra Verde,2026-06-29,14:30,68.0,18,18 Holes,0,4,4,,,2026-06-25T20:11:25.051803+00:00
121,1315,Tierra Verde,2026-06-29,14:30,185.0,18,Prepaid - 18 Holes,0,4,4,,,2026-06-25T20:11:25.052866+00:00
122,1315,Tierra Verde,2026-06-29,14:40,68.0,18,18 Holes,0,4,4,,,2026-06-25T20:11:25.316026+00:00
123,1315,Tierra Verde,2026-06-29,14:40,185.0,18,Prepaid - 18 Holes,0,4,4,,,2026-06-25T20:11:25.316736+00:00
124,1315,Tierra Verde,2026-06-29,15:00,67.0,18,18 Holes,0,4,4,,,2026-06-25T20:11:25.442992+00:00
125,1315,Tierra Verde,2026-06-29,15:00,185.0,18,Prepaid - 18 Holes,0,4,4,,,2026-06-25T20:11:25.443882+00:00
126,1315,Tierra Verde,2026-06-29,15:10,67.0,18,18 Holes,0,4,4,,,2026-06-25T20:11:25.444843+00:00
127,1315,Tierra Verde,2026-06-29,15:10,185.0,18,Prepaid - 18 Holes,0,4,4,,,2026-06-25T20:11:25.445447+00:00
128,1315,Tierra Verde,2026-06-29,15:20,67.0,18,18 Holes,0,4,4,,,2026-06-25T20:11:25.613572+00:00
129,1315,Tierra Verde,2026-06-29,15:20,185.0,18,Prepaid - 18 Holes,0,4,4,,,2026-06-25T20:11:25.614313+00:00
130,1315,Tierra Verde,2026-06-29,15:30,67.0,18,18 Holes,0,4,4,,,2026-06-25T20:11:25.714513+00:00
131,1315,Tierra Verde,2026-06-29,15:30,185.0,18,Prepaid - 18 Holes,0,4,4,,,2026-06-25T20:11:25.715490+00:00
132,1315,Tierra Verde,2026-06-29,15:40,67.0,18,18 Holes,0,4,4,,,2026-06-25T20:11:25.805604+00:00
133,1315,Tierra Verde,2026-06-29,15:40,185.0,18,Prepaid - 18 Holes,0,4,4,,,2026-06-25T20:11:25.806584+00:00
134,1315,Tierra Verde,2026-06-29,15:50,67.0,18,18 Holes,0,4,4,,,2026-06-25T20:11:25.898768+00:00
135,1315,Tierra Verde,2026-06-29,15:50,185.0,18,Prepaid - 18 Holes,0,4,4,,,2026-06-25T20:11:25.899822+00:00
136,1315,Tierra Verde,2026-06-29,16:00,62.0,18,18 Holes,0,4,4,,,2026-06-25T20:11:26.046659+00:00
137,1315,Tierra Verde,2026-06-29,16:00,185.0,18,Prepaid - 18 Holes,0,4,4,,,2026-06-25T20:11:26.047476+00:00
138,1315,Tierra Verde,2026-06-29,16:10,62.0,18,18 Holes,0,4,4,,,2026-06-25T20:11:26.048628+00:00
139,1315,Tierra Verde,2026-06-29,16:10,185.0,18,Prepaid - 18 Holes,0,4,4,,,2026-06-25T20:11:26.049230+00:00
140,1315,Tierra Verde,2026-06-29,16:20,62.0,18,18 Holes,0,4,4,,,2026-06-25T20:11:26.136190+00:00
141,1315,Tierra Verde,2026-06-29,16:20,185.0,18,Prepaid - 18 Holes,0,4,4,,,2026-06-25T20:11:26.137126+00:00
142,1315,Tierra Verde,2026-06-29,16:30,62.0,18,18 Holes,0,4,4,,,2026-06-25T20:11:26.225476+00:00
143,1315,Tierra Verde,2026-06-29,16:30,185.0,18,Prepaid - 18 Holes,0,4,4,,,2026-06-25T20:11:26.226462+00:00
144,1315,Tierra Verde,2026-06-29,16:40,62.0,18,18 Holes,0,4,4,,,2026-06-25T20:11:26.401220+00:00
145,1315,Tierra Verde,2026-06-29,16:40,185.0,18,Prepaid - 18 Holes,0,4,4,,,2026-06-25T20:11:26.401913+00:00
146,1315,Tierra Verde,2026-06-29,16:50,62.0,18,18 Holes,0,4,4,,,2026-06-25T20:11:26.499749+00:00
147,1315,Tierra Verde,2026-06-29,16:50,185.0,18,Prepaid - 18 Holes,0,4,4,,,2026-06-25T20:11:26.500697+00:00
148,1315,Tierra Verde,2026-06-29,17:00,49.0,18,18 Holes,0,4,4,,,2026-06-25T20:11:26.592217+00:00
149,1315,Tierra Verde,2026-06-29,17:00,185.0,18,Prepaid - 18 Holes,0,4,4,,,2026-06-25T20:11:26.593352+00:00
150,1315,Tierra Verde,2026-06-29,17:10,49.0,18,18 Holes,0,4,4,,,2026-06-25T20:11:26.940552+00:00
151,1315,Tierra Verde,2026-06-29,17:10,185.0,18,Prepaid - 18 Holes,0,4,4,,,2026-06-25T20:11:26.941266+00:00
152,1315,Tierra Verde,2026-06-29,17:20,49.0,18,18 Holes,0,4,4,,,2026-06-25T20:11:27.059085+00:00
153,1315,Tierra Verde,2026-06-29,17:20,185.0,18,Prepaid - 18 Holes,0,4,4,,,2026-06-25T20:11:27.060097+00:00
154,1315,Tierra Verde,2026-06-29,17:30,49.0,18,18 Holes,0,4,4,,,2026-06-25T20:11:27.247624+00:00
155,1315,Tierra Verde,2026-06-29,17:30,185.0,18,Prepaid - 18 Holes,0,4,4,,,2026-06-25T20:11:27.248303+00:00
156,1315,Tierra Verde,2026-06-29,17:40,49.0,18,18 Holes,0,4,4,,,2026-06-25T20:11:27.340568+00:00
157,1315,Tierra Verde,2026-06-29,17:40,185.0,18,Prepaid - 18 Holes,0,4,4,,,2026-06-25T20:11:27.341560+00:00
158,1315,Tierra Verde,2026-06-29,17:50,49.0,18,18 Holes,0,4,4,,,2026-06-25T20:11:27.424587+00:00
159,1315,Tierra Verde,2026-06-29,17:50,185.0,18,Prepaid - 18 Holes,0,4,4,,,2026-06-25T20:11:27.425635+00:00
160,1315,Tierra Verde,2026-06-29,18:00,49.0,18,18 Holes,0,4,4,,,2026-06-25T20:11:27.610294+00:00
161,1315,Tierra Verde,2026-06-29,18:00,185.0,18,Prepaid - 18 Holes,0,4,4,,,2026-06-25T20:11:27.610903+00:00
162,1315,Tierra Verde,2026-06-29,18:10,49.0,18,18 Holes,0,4,4,,,2026-06-25T20:11:27.611826+00:00
163,1315,Tierra Verde,2026-06-29,18:10,185.0,18,Prepaid - 18 Holes,0,4,4,,,2026-06-25T20:11:27.612544+00:00
164,1315,Tierra Verde,2026-06-29,18:20,49.0,18,18 Holes,0,4,4,,,2026-06-25T20:11:27.720754+00:00
165,1315,Tierra Verde,2026-06-29,18:20,185.0,18,Prepaid - 18 Holes,0,4,4,,,2026-06-25T20:11:27.721709+00:00
166,1315,Tierra Verde,2026-06-29,18:30,49.0,18,18 Holes,0,4,4,,,2026-06-25T20:11:27.825264+00:00
167,1315,Tierra Verde,2026-06-29,18:30,185.0,18,Prepaid - 18 Holes,0,4,4,,,2026-06-25T20:11:27.826139+00:00
168,1315,Tierra Verde,2026-06-30,11:40,66.99,18,Hot Deal,1,5,4,,,2026-06-25T20:11:28.464506+00:00
169,1315,Tierra Verde,2026-06-30,11:40,78.0,18,18 Holes,0,5,4,,,2026-06-25T20:11:28.465923+00:00
170,1315,Tierra Verde,2026-06-30,11:40,185.0,18,Prepaid - 18 Holes,0,5,4,,,2026-06-25T20:11:28.466540+00:00
171,1315,Tierra Verde,2026-06-30,12:00,56.99,18,Hot Deal,1,5,2,2,100.0,2026-06-25T20:11:28.627361+00:00
172,1315,Tierra Verde,2026-06-30,12:00,67.0,18,18 Holes,0,5,2,2,100.0,2026-06-25T20:11:28.628006+00:00
173,1315,Tierra Verde,2026-06-30,12:00,185.0,18,Prepaid - 18 Holes,0,5,2,2,100.0,2026-06-25T20:11:28.628579+00:00
174,1315,Tierra Verde,2026-06-30,12:10,67.0,18,18 Holes,0,5,4,,,2026-06-25T20:11:28.794435+00:00
175,1315,Tierra Verde,2026-06-30,12:10,185.0,18,Prepaid - 18 Holes,0,5,4,,,2026-06-25T20:11:28.795111+00:00
176,1315,Tierra Verde,2026-06-30,12:20,67.0,18,18 Holes,0,5,4,,,2026-06-25T20:11:28.890838+00:00
177,1315,Tierra Verde,2026-06-30,12:20,185.0,18,Prepaid - 18 Holes,0,5,4,,,2026-06-25T20:11:28.891747+00:00
178,1315,Tierra Verde,2026-06-30,12:30,67.0,18,18 Holes,0,5,4,,,2026-06-25T20:11:28.993409+00:00
179,1315,Tierra Verde,2026-06-30,12:30,185.0,18,Prepaid - 18 Holes,0,5,4,,,2026-06-25T20:11:28.994404+00:00
180,1315,Tierra Verde,2026-06-30,12:40,67.0,18,18 Holes,0,5,4,,,2026-06-25T20:11:29.083541+00:00
181,1315,Tierra Verde,2026-06-30,12:40,185.0,18,Prepaid - 18 Holes,0,5,4,,,2026-06-25T20:11:29.084500+00:00
182,1315,Tierra Verde,2026-06-30,12:50,67.0,18,18 Holes,0,5,4,,,2026-06-25T20:11:29.243827+00:00
183,1315,Tierra Verde,2026-06-30,12:50,185.0,18,Prepaid - 18 Holes,0,5,4,,,2026-06-25T20:11:29.244449+00:00
184,1315,Tierra Verde,2026-06-30,13:00,68.0,18,18 Holes,0,5,4,,,2026-06-25T20:11:29.354527+00:00
185,1315,Tierra Verde,2026-06-30,13:00,185.0,18,Prepaid - 18 Holes,0,5,4,,,2026-06-25T20:11:29.355481+00:00
186,1315,Tierra Verde,2026-06-30,13:10,68.0,18,18 Holes,0,5,4,,,2026-06-25T20:11:29.356367+00:00
187,1315,Tierra Verde,2026-06-30,13:10,185.0,18,Prepaid - 18 Holes,0,5,4,,,2026-06-25T20:11:29.356927+00:00
188,1315,Tierra Verde,2026-06-30,13:30,68.0,18,18 Holes,0,5,4,,,2026-06-25T20:11:29.475936+00:00
189,1315,Tierra Verde,2026-06-30,13:30,185.0,18,Prepaid - 18 Holes,0,5,4,,,2026-06-25T20:11:29.476799+00:00
190,1315,Tierra Verde,2026-06-30,13:40,68.0,18,18 Holes,0,5,4,,,2026-06-25T20:11:29.658769+00:00
191,1315,Tierra Verde,2026-06-30,13:40,185.0,18,Prepaid - 18 Holes,0,5,4,,,2026-06-25T20:11:29.659423+00:00
192,1315,Tierra Verde,2026-06-30,13:50,68.0,18,18 Holes,0,5,4,,,2026-06-25T20:11:29.754080+00:00
193,1315,Tierra Verde,2026-06-30,13:50,185.0,18,Prepaid - 18 Holes,0,5,4,,,2026-06-25T20:11:29.756301+00:00
194,1315,Tierra Verde,2026-06-30,14:00,68.0,18,18 Holes,0,5,4,,,2026-06-25T20:11:30.228893+00:00
195,1315,Tierra Verde,2026-06-30,14:00,185.0,18,Prepaid - 18 Holes,0,5,4,,,2026-06-25T20:11:30.229571+00:00
196,1315,Tierra Verde,2026-06-30,14:10,68.0,18,18 Holes,0,5,4,,,2026-06-25T20:11:30.230632+00:00
197,1315,Tierra Verde,2026-06-30,14:10,185.0,18,Prepaid - 18 Holes,0,5,4,,,2026-06-25T20:11:30.231232+00:00
198,1315,Tierra Verde,2026-06-30,14:20,68.0,18,18 Holes,0,5,4,,,2026-06-25T20:11:30.388493+00:00
199,1315,Tierra Verde,2026-06-30,14:20,185.0,18,Prepaid - 18 Holes,0,5,4,,,2026-06-25T20:11:30.389533+00:00
200,1315,Tierra Verde,2026-06-30,14:30,68.0,18,18 Holes,0,5,4,,,2026-06-25T20:11:30.477587+00:00
201,1315,Tierra Verde,2026-06-30,14:30,185.0,18,Prepaid - 18 Holes,0,5,4,,,2026-06-25T20:11:30.478489+00:00
202,1315,Tierra Verde,2026-06-30,14:40,68.0,18,18 Holes,0,5,4,,,2026-06-25T20:11:30.571582+00:00
203,1315,Tierra Verde,2026-06-30,14:40,185.0,18,Prepaid - 18 Holes,0,5,4,,,2026-06-25T20:11:30.572530+00:00
204,1315,Tierra Verde,2026-06-30,15:00,67.0,18,18 Holes,0,5,4,,,2026-06-25T20:11:30.663360+00:00
205,1315,Tierra Verde,2026-06-30,15:00,185.0,18,Prepaid - 18 Holes,0,5,4,,,2026-06-25T20:11:30.664293+00:00
206,1315,Tierra Verde,2026-06-30,15:10,67.0,18,18 Holes,0,5,4,,,2026-06-25T20:11:30.665261+00:00
207,1315,Tierra Verde,2026-06-30,15:10,185.0,18,Prepaid - 18 Holes,0,5,4,,,2026-06-25T20:11:30.665866+00:00
208,1315,Tierra Verde,2026-06-30,15:20,67.0,18,18 Holes,0,5,4,,,2026-06-25T20:11:30.785294+00:00
209,1315,Tierra Verde,2026-06-30,15:20,185.0,18,Prepaid - 18 Holes,0,5,4,,,2026-06-25T20:11:30.786234+00:00
210,1315,Tierra Verde,2026-06-30,15:30,67.0,18,18 Holes,0,5,4,,,2026-06-25T20:11:30.905166+00:00
211,1315,Tierra Verde,2026-06-30,15:30,185.0,18,Prepaid - 18 Holes,0,5,4,,,2026-06-25T20:11:30.906148+00:00
212,1315,Tierra Verde,2026-06-30,15:40,67.0,18,18 Holes,0,5,4,,,2026-06-25T20:11:31.004601+00:00
213,1315,Tierra Verde,2026-06-30,15:40,185.0,18,Prepaid - 18 Holes,0,5,4,,,2026-06-25T20:11:31.005564+00:00
214,1315,Tierra Verde,2026-06-30,15:50,67.0,18,18 Holes,0,5,4,,,2026-06-25T20:11:31.092024+00:00
215,1315,Tierra Verde,2026-06-30,15:50,185.0,18,Prepaid - 18 Holes,0,5,4,,,2026-06-25T20:11:31.092918+00:00
216,1315,Tierra Verde,2026-06-30,16:00,62.0,18,18 Holes,0,5,4,,,2026-06-25T20:11:31.220959+00:00
217,1315,Tierra Verde,2026-06-30,16:00,185.0,18,Prepaid - 18 Holes,0,5,4,,,2026-06-25T20:11:31.221971+00:00
218,1315,Tierra Verde,2026-06-30,16:10,62.0,18,18 Holes,0,5,4,,,2026-06-25T20:11:31.222889+00:00
219,1315,Tierra Verde,2026-06-30,16:10,185.0,18,Prepaid - 18 Holes,0,5,4,,,2026-06-25T20:11:31.223492+00:00
220,1315,Tierra Verde,2026-06-30,16:20,62.0,18,18 Holes,0,5,4,,,2026-06-25T20:11:31.323455+00:00
221,1315,Tierra Verde,2026-06-30,16:20,185.0,18,Prepaid - 18 Holes,0,5,4,,,2026-06-25T20:11:31.324812+00:00
222,1315,Tierra Verde,2026-06-30,16:30,62.0,18,18 Holes,0,5,4,,,2026-06-25T20:11:31.407636+00:00
223,1315,Tierra Verde,2026-06-30,16:30,185.0,18,Prepaid - 18 Holes,0,5,4,,,2026-06-25T20:11:31.408537+00:00
224,1315,Tierra Verde,2026-06-30,16:40,62.0,18,18 Holes,0,5,4,,,2026-06-25T20:11:31.495351+00:00
225,1315,Tierra Verde,2026-06-30,16:40,185.0,18,Prepaid - 18 Holes,0,5,4,,,2026-06-25T20:11:31.496373+00:00
226,1315,Tierra Verde,2026-06-30,16:50,62.0,18,18 Holes,0,5,4,,,2026-06-25T20:11:31.779494+00:00
227,1315,Tierra Verde,2026-06-30,16:50,185.0,18,Prepaid - 18 Holes,0,5,4,,,2026-06-25T20:11:31.780306+00:00
228,1315,Tierra Verde,2026-06-30,17:00,49.0,18,18 Holes,0,5,4,,,2026-06-25T20:11:31.863921+00:00
229,1315,Tierra Verde,2026-06-30,17:00,185.0,18,Prepaid - 18 Holes,0,5,4,,,2026-06-25T20:11:31.864918+00:00
230,1315,Tierra Verde,2026-06-30,17:10,49.0,18,18 Holes,0,5,4,,,2026-06-25T20:11:32.018080+00:00
231,1315,Tierra Verde,2026-06-30,17:10,185.0,18,Prepaid - 18 Holes,0,5,4,,,2026-06-25T20:11:32.019025+00:00
232,1315,Tierra Verde,2026-06-30,17:20,49.0,18,18 Holes,0,5,4,,,2026-06-25T20:11:32.120868+00:00
233,1315,Tierra Verde,2026-06-30,17:20,185.0,18,Prepaid - 18 Holes,0,5,4,,,2026-06-25T20:11:32.121920+00:00
234,1315,Tierra Verde,2026-06-30,17:30,49.0,18,18 Holes,0,5,4,,,2026-06-25T20:11:32.215325+00:00
235,1315,Tierra Verde,2026-06-30,17:30,185.0,18,Prepaid - 18 Holes,0,5,4,,,2026-06-25T20:11:32.216217+00:00
236,1315,Tierra Verde,2026-06-30,17:40,49.0,18,18 Holes,0,5,4,,,2026-06-25T20:11:32.349586+00:00
237,1315,Tierra Verde,2026-06-30,17:40,185.0,18,Prepaid - 18 Holes,0,5,4,,,2026-06-25T20:11:32.350504+00:00
238,1315,Tierra Verde,2026-06-30,17:50,49.0,18,18 Holes,0,5,4,,,2026-06-25T20:11:32.479599+00:00
239,1315,Tierra Verde,2026-06-30,17:50,185.0,18,Prepaid - 18 Holes,0,5,4,,,2026-06-25T20:11:32.480522+00:00
240,1315,Tierra Verde,2026-06-30,18:00,49.0,18,18 Holes,0,5,4,,,2026-06-25T20:11:32.591091+00:00
241,1315,Tierra Verde,2026-06-30,18:00,185.0,18,Prepaid - 18 Holes,0,5,4,,,2026-06-25T20:11:32.591990+00:00
242,1315,Tierra Verde,2026-06-30,18:10,49.0,18,18 Holes,0,5,4,,,2026-06-25T20:11:32.592945+00:00
243,1315,Tierra Verde,2026-06-30,18:10,185.0,18,Prepaid - 18 Holes,0,5,4,,,2026-06-25T20:11:32.593500+00:00
244,1315,Tierra Verde,2026-06-30,18:20,49.0,18,18 Holes,0,5,4,,,2026-06-25T20:11:32.684405+00:00
245,1315,Tierra Verde,2026-06-30,18:20,185.0,18,Prepaid - 18 Holes,0,5,4,,,2026-06-25T20:11:32.685342+00:00
246,1315,Tierra Verde,2026-06-30,18:30,49.0,18,18 Holes,0,5,4,,,2026-06-25T20:11:32.908546+00:00
247,1315,Tierra Verde,2026-06-30,18:30,185.0,18,Prepaid - 18 Holes,0,5,4,,,2026-06-25T20:11:32.910009+00:00
248,1315,Tierra Verde,2026-07-01,10:40,62.99,18,Hot Deal,1,6,4,,,2026-06-25T20:11:33.355497+00:00
249,1315,Tierra Verde,2026-07-01,10:40,73.0,18,18 Holes,0,6,4,,,2026-06-25T20:11:33.356479+00:00
250,1315,Tierra Verde,2026-07-01,10:40,185.0,18,Prepaid - 18 Holes,0,6,4,,,2026-06-25T20:11:33.357195+00:00
251,1315,Tierra Verde,2026-07-01,10:50,73.0,18,18 Holes,0,6,4,,,2026-06-25T20:11:33.478578+00:00
252,1315,Tierra Verde,2026-07-01,10:50,185.0,18,Prepaid - 18 Holes,0,6,4,,,2026-06-25T20:11:33.479439+00:00
253,1315,Tierra Verde,2026-07-01,11:00,57.99,18,Hot Deal,1,6,4,,,2026-06-25T20:11:33.658226+00:00
254,1315,Tierra Verde,2026-07-01,11:00,68.0,18,18 Holes,0,6,4,,,2026-06-25T20:11:33.658850+00:00
255,1315,Tierra Verde,2026-07-01,11:00,185.0,18,Prepaid - 18 Holes,0,6,4,,,2026-06-25T20:11:33.659477+00:00
256,1315,Tierra Verde,2026-07-01,11:10,68.0,18,18 Holes,0,6,4,,,2026-06-25T20:11:33.761771+00:00
257,1315,Tierra Verde,2026-07-01,11:10,185.0,18,Prepaid - 18 Holes,0,6,4,,,2026-06-25T20:11:33.762668+00:00
258,1315,Tierra Verde,2026-07-01,11:20,68.0,18,18 Holes,0,6,4,,,2026-06-25T20:11:33.963775+00:00
259,1315,Tierra Verde,2026-07-01,11:20,185.0,18,Prepaid - 18 Holes,0,6,4,,,2026-06-25T20:11:33.964736+00:00
260,1315,Tierra Verde,2026-07-01,11:30,68.0,18,18 Holes,0,6,4,,,2026-06-25T20:11:34.058992+00:00
261,1315,Tierra Verde,2026-07-01,11:30,185.0,18,Prepaid - 18 Holes,0,6,4,,,2026-06-25T20:11:34.059947+00:00
262,1315,Tierra Verde,2026-07-01,11:40,68.0,18,18 Holes,0,6,4,,,2026-06-25T20:11:34.153102+00:00
263,1315,Tierra Verde,2026-07-01,11:40,185.0,18,Prepaid - 18 Holes,0,6,4,,,2026-06-25T20:11:34.154012+00:00
264,1315,Tierra Verde,2026-07-01,12:00,67.0,18,18 Holes,0,6,4,,,2026-06-25T20:11:34.258889+00:00
265,1315,Tierra Verde,2026-07-01,12:00,185.0,18,Prepaid - 18 Holes,0,6,4,,,2026-06-25T20:11:34.259752+00:00
266,1315,Tierra Verde,2026-07-01,12:10,67.0,18,18 Holes,0,6,4,,,2026-06-25T20:11:34.260677+00:00
267,1315,Tierra Verde,2026-07-01,12:10,185.0,18,Prepaid - 18 Holes,0,6,4,,,2026-06-25T20:11:34.261293+00:00
268,1315,Tierra Verde,2026-07-01,12:20,67.0,18,18 Holes,0,6,4,,,2026-06-25T20:11:34.381560+00:00
269,1315,Tierra Verde,2026-07-01,12:20,185.0,18,Prepaid - 18 Holes,0,6,4,,,2026-06-25T20:11:34.382530+00:00
270,1315,Tierra Verde,2026-07-01,12:30,67.0,18,18 Holes,0,6,4,,,2026-06-25T20:11:34.471024+00:00
271,1315,Tierra Verde,2026-07-01,12:30,185.0,18,Prepaid - 18 Holes,0,6,4,,,2026-06-25T20:11:34.472334+00:00
272,1315,Tierra Verde,2026-07-01,12:40,67.0,18,18 Holes,0,6,4,,,2026-06-25T20:11:34.580508+00:00
273,1315,Tierra Verde,2026-07-01,12:40,185.0,18,Prepaid - 18 Holes,0,6,4,,,2026-06-25T20:11:34.581479+00:00
274,1315,Tierra Verde,2026-07-01,12:50,67.0,18,18 Holes,0,6,4,,,2026-06-25T20:11:34.675837+00:00
275,1315,Tierra Verde,2026-07-01,12:50,185.0,18,Prepaid - 18 Holes,0,6,4,,,2026-06-25T20:11:34.676709+00:00
276,1315,Tierra Verde,2026-07-01,13:00,68.0,18,18 Holes,0,6,4,,,2026-06-25T20:11:34.805408+00:00
277,1315,Tierra Verde,2026-07-01,13:00,185.0,18,Prepaid - 18 Holes,0,6,4,,,2026-06-25T20:11:34.806281+00:00
278,1315,Tierra Verde,2026-07-01,13:10,68.0,18,18 Holes,0,6,4,,,2026-06-25T20:11:34.807196+00:00
279,1315,Tierra Verde,2026-07-01,13:10,185.0,18,Prepaid - 18 Holes,0,6,4,,,2026-06-25T20:11:34.807954+00:00
280,1315,Tierra Verde,2026-07-01,13:30,68.0,18,18 Holes,0,6,4,,,2026-06-25T20:11:34.897367+00:00
281,1315,Tierra Verde,2026-07-01,13:30,185.0,18,Prepaid - 18 Holes,0,6,4,,,2026-06-25T20:11:34.898328+00:00
282,1315,Tierra Verde,2026-07-01,13:40,68.0,18,18 Holes,0,6,4,,,2026-06-25T20:11:34.996399+00:00
283,1315,Tierra Verde,2026-07-01,13:40,185.0,18,Prepaid - 18 Holes,0,6,4,,,2026-06-25T20:11:34.997264+00:00
284,1315,Tierra Verde,2026-07-01,13:50,68.0,18,18 Holes,0,6,4,,,2026-06-25T20:11:35.090098+00:00
285,1315,Tierra Verde,2026-07-01,13:50,185.0,18,Prepaid - 18 Holes,0,6,4,,,2026-06-25T20:11:35.091064+00:00
286,1315,Tierra Verde,2026-07-01,14:00,68.0,18,18 Holes,0,6,4,,,2026-06-25T20:11:35.237529+00:00
287,1315,Tierra Verde,2026-07-01,14:00,185.0,18,Prepaid - 18 Holes,0,6,4,,,2026-06-25T20:11:35.238452+00:00
288,1315,Tierra Verde,2026-07-01,14:10,68.0,18,18 Holes,0,6,4,,,2026-06-25T20:11:35.239467+00:00
289,1315,Tierra Verde,2026-07-01,14:10,185.0,18,Prepaid - 18 Holes,0,6,4,,,2026-06-25T20:11:35.240117+00:00
290,1315,Tierra Verde,2026-07-01,14:20,68.0,18,18 Holes,0,6,4,,,2026-06-25T20:11:35.327529+00:00
291,1315,Tierra Verde,2026-07-01,14:20,185.0,18,Prepaid - 18 Holes,0,6,4,,,2026-06-25T20:11:35.328494+00:00
292,1315,Tierra Verde,2026-07-01,14:30,68.0,18,18 Holes,0,6,4,,,2026-06-25T20:11:35.425678+00:00
293,1315,Tierra Verde,2026-07-01,14:30,185.0,18,Prepaid - 18 Holes,0,6,4,,,2026-06-25T20:11:35.426634+00:00
294,1315,Tierra Verde,2026-07-01,14:40,68.0,18,18 Holes,0,6,4,,,2026-06-25T20:11:35.585434+00:00
295,1315,Tierra Verde,2026-07-01,14:40,185.0,18,Prepaid - 18 Holes,0,6,4,,,2026-06-25T20:11:35.586377+00:00
296,1315,Tierra Verde,2026-07-01,15:00,68.0,18,18 Holes,0,6,4,,,2026-06-25T20:11:35.676059+00:00
297,1315,Tierra Verde,2026-07-01,15:00,185.0,18,Prepaid - 18 Holes,0,6,4,,,2026-06-25T20:11:35.677802+00:00
298,1315,Tierra Verde,2026-07-01,15:10,68.0,18,18 Holes,0,6,4,,,2026-06-25T20:11:35.678813+00:00
299,1315,Tierra Verde,2026-07-01,15:10,185.0,18,Prepaid - 18 Holes,0,6,4,,,2026-06-25T20:11:35.679429+00:00
300,1315,Tierra Verde,2026-07-01,15:20,68.0,18,18 Holes,0,6,4,,,2026-06-25T20:11:35.784567+00:00
301,1315,Tierra Verde,2026-07-01,15:20,185.0,18,Prepaid - 18 Holes,0,6,4,,,2026-06-25T20:11:35.785507+00:00
302,1315,Tierra Verde,2026-07-01,15:30,68.0,18,18 Holes,0,6,4,,,2026-06-25T20:11:35.877091+00:00
303,1315,Tierra Verde,2026-07-01,15:30,185.0,18,Prepaid - 18 Holes,0,6,4,,,2026-06-25T20:11:35.877994+00:00
304,1315,Tierra Verde,2026-07-01,15:40,68.0,18,18 Holes,0,6,4,,,2026-06-25T20:11:36.055574+00:00
305,1315,Tierra Verde,2026-07-01,15:40,185.0,18,Prepaid - 18 Holes,0,6,4,,,2026-06-25T20:11:36.056278+00:00
306,1315,Tierra Verde,2026-07-01,16:00,63.0,18,18 Holes,0,6,4,,,2026-06-25T20:11:36.142799+00:00
307,1315,Tierra Verde,2026-07-01,16:00,185.0,18,Prepaid - 18 Holes,0,6,4,,,2026-06-25T20:11:36.143708+00:00
308,1315,Tierra Verde,2026-07-01,16:10,63.0,18,18 Holes,0,6,4,,,2026-06-25T20:11:36.144617+00:00
309,1315,Tierra Verde,2026-07-01,16:10,185.0,18,Prepaid - 18 Holes,0,6,4,,,2026-06-25T20:11:36.145192+00:00
310,1315,Tierra Verde,2026-07-01,16:20,63.0,18,18 Holes,0,6,4,,,2026-06-25T20:11:36.223480+00:00
311,1315,Tierra Verde,2026-07-01,16:20,185.0,18,Prepaid - 18 Holes,0,6,4,,,2026-06-25T20:11:36.224430+00:00
312,1315,Tierra Verde,2026-07-01,16:30,63.0,18,18 Holes,0,6,4,,,2026-06-25T20:11:36.374995+00:00
313,1315,Tierra Verde,2026-07-01,16:30,185.0,18,Prepaid - 18 Holes,0,6,4,,,2026-06-25T20:11:36.376004+00:00
314,1315,Tierra Verde,2026-07-01,16:40,63.0,18,18 Holes,0,6,4,,,2026-06-25T20:11:36.526605+00:00
315,1315,Tierra Verde,2026-07-01,16:40,185.0,18,Prepaid - 18 Holes,0,6,4,,,2026-06-25T20:11:36.527542+00:00
316,1315,Tierra Verde,2026-07-01,17:00,49.0,18,18 Holes,0,6,4,,,2026-06-25T20:11:36.610136+00:00
317,1315,Tierra Verde,2026-07-01,17:00,185.0,18,Prepaid - 18 Holes,0,6,4,,,2026-06-25T20:11:36.611015+00:00
318,1315,Tierra Verde,2026-07-01,17:10,49.0,18,18 Holes,0,6,4,,,2026-06-25T20:11:36.793842+00:00
319,1315,Tierra Verde,2026-07-01,17:10,185.0,18,Prepaid - 18 Holes,0,6,4,,,2026-06-25T20:11:36.794839+00:00
320,1315,Tierra Verde,2026-07-01,17:20,49.0,18,18 Holes,0,6,4,,,2026-06-25T20:11:36.898678+00:00
321,1315,Tierra Verde,2026-07-01,17:20,185.0,18,Prepaid - 18 Holes,0,6,4,,,2026-06-25T20:11:36.899575+00:00
322,1315,Tierra Verde,2026-07-01,17:30,49.0,18,18 Holes,0,6,4,,,2026-06-25T20:11:36.997425+00:00
323,1315,Tierra Verde,2026-07-01,17:30,185.0,18,Prepaid - 18 Holes,0,6,4,,,2026-06-25T20:11:36.998888+00:00
324,1315,Tierra Verde,2026-07-01,17:40,49.0,18,18 Holes,0,6,4,,,2026-06-25T20:11:37.083174+00:00
325,1315,Tierra Verde,2026-07-01,17:40,185.0,18,Prepaid - 18 Holes,0,6,4,,,2026-06-25T20:11:37.084068+00:00
326,1315,Tierra Verde,2026-07-01,17:50,49.0,18,18 Holes,0,6,4,,,2026-06-25T20:11:37.208298+00:00
327,1315,Tierra Verde,2026-07-01,17:50,185.0,18,Prepaid - 18 Holes,0,6,4,,,2026-06-25T20:11:37.209261+00:00
328,1315,Tierra Verde,2026-07-01,18:00,49.0,18,18 Holes,0,6,4,,,2026-06-25T20:11:37.312607+00:00
329,1315,Tierra Verde,2026-07-01,18:00,185.0,18,Prepaid - 18 Holes,0,6,4,,,2026-06-25T20:11:37.313567+00:00
330,1315,Tierra Verde,2026-07-01,18:10,49.0,18,18 Holes,0,6,4,,,2026-06-25T20:11:37.314616+00:00
331,1315,Tierra Verde,2026-07-01,18:10,185.0,18,Prepaid - 18 Holes,0,6,4,,,2026-06-25T20:11:37.315176+00:00
332,1315,Tierra Verde,2026-07-01,18:20,49.0,18,18 Holes,0,6,4,,,2026-06-25T20:11:37.434487+00:00
333,1315,Tierra Verde,2026-07-01,18:20,185.0,18,Prepaid - 18 Holes,0,6,4,,,2026-06-25T20:11:37.435556+00:00
334,1315,Tierra Verde,2026-07-01,18:30,49.0,18,18 Holes,0,6,4,,,2026-06-25T20:11:37.675640+00:00
335,1315,Tierra Verde,2026-07-01,18:30,185.0,18,Prepaid - 18 Holes,0,6,4,,,2026-06-25T20:11:37.676325+00:00
336,1319,Texas Rangers,2026-06-25,16:50,80.0,18,18 Holes,0,0,2,2,100.0,2026-06-25T20:11:37.918183+00:00
337,1319,Texas Rangers,2026-06-25,16:50,215.0,18,Prepaid - 18 Holes,0,0,2,2,100.0,2026-06-25T20:11:37.919124+00:00
338,1319,Texas Rangers,2026-06-25,17:00,74.0,18,18 Holes,0,0,2,2,100.0,2026-06-25T20:11:37.920008+00:00
339,1319,Texas Rangers,2026-06-25,17:00,215.0,18,Prepaid - 18 Holes,0,0,2,2,100.0,2026-06-25T20:11:37.920695+00:00
340,1319,Texas Rangers,2026-06-25,17:10,74.0,18,18 Holes,0,0,4,,,2026-06-25T20:11:37.921548+00:00
341,1319,Texas Rangers,2026-06-25,17:10,215.0,18,Prepaid - 18 Holes,0,0,4,,,2026-06-25T20:11:37.922219+00:00
342,1319,Texas Rangers,2026-06-25,17:20,74.0,18,18 Holes,0,0,4,,,2026-06-25T20:11:38.059534+00:00
343,1319,Texas Rangers,2026-06-25,17:20,215.0,18,Prepaid - 18 Holes,0,0,4,,,2026-06-25T20:11:38.060569+00:00
344,1319,Texas Rangers,2026-06-25,17:30,74.0,18,18 Holes,0,0,4,,,2026-06-25T20:11:38.155283+00:00
345,1319,Texas Rangers,2026-06-25,17:30,215.0,18,Prepaid - 18 Holes,0,0,4,,,2026-06-25T20:11:38.156239+00:00
346,1319,Texas Rangers,2026-06-25,17:40,74.0,18,18 Holes,0,0,4,,,2026-06-25T20:11:38.281579+00:00
347,1319,Texas Rangers,2026-06-25,17:40,215.0,18,Prepaid - 18 Holes,0,0,4,,,2026-06-25T20:11:38.282586+00:00
348,1319,Texas Rangers,2026-06-25,17:50,74.0,18,18 Holes,0,0,4,,,2026-06-25T20:11:38.406254+00:00
349,1319,Texas Rangers,2026-06-25,17:50,215.0,18,Prepaid - 18 Holes,0,0,4,,,2026-06-25T20:11:38.407283+00:00
350,1319,Texas Rangers,2026-06-25,18:00,74.0,18,18 Holes,0,0,4,,,2026-06-25T20:11:38.500216+00:00
351,1319,Texas Rangers,2026-06-25,18:00,215.0,18,Prepaid - 18 Holes,0,0,4,,,2026-06-25T20:11:38.501252+00:00
352,1319,Texas Rangers,2026-06-26,07:40,122.0,18,18 Holes,0,1,4,,,2026-06-25T20:11:38.851125+00:00
353,1319,Texas Rangers,2026-06-26,07:40,215.0,18,Prepaid - 18 Holes,0,1,4,,,2026-06-25T20:11:38.852380+00:00
354,1319,Texas Rangers,2026-06-26,07:50,122.0,18,18 Holes,0,1,4,,,2026-06-25T20:11:38.853505+00:00
355,1319,Texas Rangers,2026-06-26,07:50,215.0,18,Prepaid - 18 Holes,0,1,4,,,2026-06-25T20:11:38.854216+00:00
356,1319,Texas Rangers,2026-06-26,08:00,124.0,18,18 Holes,0,1,4,,,2026-06-25T20:11:38.995184+00:00
357,1319,Texas Rangers,2026-06-26,08:00,215.0,18,Prepaid - 18 Holes,0,1,4,,,2026-06-25T20:11:38.996231+00:00
358,1319,Texas Rangers,2026-06-26,08:30,124.0,18,18 Holes,0,1,2,2,100.0,2026-06-25T20:11:38.997315+00:00
359,1319,Texas Rangers,2026-06-26,08:30,215.0,18,Prepaid - 18 Holes,0,1,2,2,100.0,2026-06-25T20:11:38.998000+00:00
360,1319,Texas Rangers,2026-06-26,11:00,101.99,18,Hot Deal,1,1,1,3,300.0,2026-06-25T20:11:39.100310+00:00
361,1319,Texas Rangers,2026-06-26,12:00,120.0,18,18 Holes,0,1,4,,,2026-06-25T20:11:39.286356+00:00
362,1319,Texas Rangers,2026-06-26,12:20,126.0,18,18 Holes,0,1,2,2,100.0,2026-06-25T20:11:39.287587+00:00
363,1319,Texas Rangers,2026-06-26,12:40,120.0,18,18 Holes,0,1,4,,,2026-06-25T20:11:39.288493+00:00
364,1319,Texas Rangers,2026-06-26,14:10,120.0,18,18 Holes,0,1,4,,,2026-06-25T20:11:39.289366+00:00
365,1319,Texas Rangers,2026-06-26,14:50,125.0,18,18 Holes,0,1,4,,,2026-06-25T20:11:39.290163+00:00
366,1319,Texas Rangers,2026-06-26,15:00,116.0,18,18 Holes,0,1,4,,,2026-06-25T20:11:39.290984+00:00
367,1319,Texas Rangers,2026-06-26,15:10,116.0,18,18 Holes,0,1,4,,,2026-06-25T20:11:39.291713+00:00
368,1319,Texas Rangers,2026-06-26,15:20,116.0,18,18 Holes,0,1,4,,,2026-06-25T20:11:39.292541+00:00
369,1319,Texas Rangers,2026-06-26,15:30,116.0,18,18 Holes,0,1,4,,,2026-06-25T20:11:39.293576+00:00
370,1319,Texas Rangers,2026-06-26,15:40,116.0,18,18 Holes,0,1,4,,,2026-06-25T20:11:39.294610+00:00
371,1319,Texas Rangers,2026-06-26,16:20,92.0,18,18 Holes,0,1,4,,,2026-06-25T20:11:39.295476+00:00
372,1319,Texas Rangers,2026-06-26,16:50,92.0,18,18 Holes,0,1,4,,,2026-06-25T20:11:39.296320+00:00
373,1319,Texas Rangers,2026-06-26,17:00,86.0,18,18 Holes,0,1,4,,,2026-06-25T20:11:39.297244+00:00
374,1319,Texas Rangers,2026-06-26,17:10,86.0,18,18 Holes,0,1,4,,,2026-06-25T20:11:39.298017+00:00
375,1319,Texas Rangers,2026-06-26,17:20,86.0,18,18 Holes,0,1,4,,,2026-06-25T20:11:39.298804+00:00
376,1319,Texas Rangers,2026-06-26,17:30,86.0,18,18 Holes,0,1,4,,,2026-06-25T20:11:39.299606+00:00
377,1319,Texas Rangers,2026-06-26,17:40,86.0,18,18 Holes,0,1,4,,,2026-06-25T20:11:39.300361+00:00
378,1319,Texas Rangers,2026-06-26,17:50,86.0,18,18 Holes,0,1,4,,,2026-06-25T20:11:39.301120+00:00
379,1319,Texas Rangers,2026-06-26,18:00,86.0,18,18 Holes,0,1,4,,,2026-06-25T20:11:39.301961+00:00
380,1319,Texas Rangers,2026-06-27,10:00,215.0,18,Prepaid - 18 Holes,0,2,4,,,2026-06-25T20:11:39.433023+00:00
381,1319,Texas Rangers,2026-06-27,14:00,215.0,18,Prepaid - 18 Holes,0,2,4,,,2026-06-25T20:11:39.434272+00:00
382,1319,Texas Rangers,2026-06-27,14:20,215.0,18,Prepaid - 18 Holes,0,2,2,2,100.0,2026-06-25T20:11:39.435272+00:00
383,1319,Texas Rangers,2026-06-27,15:10,137.0,18,18 Holes,0,2,4,,,2026-06-25T20:11:39.436099+00:00
384,1319,Texas Rangers,2026-06-27,15:10,215.0,18,Prepaid - 18 Holes,0,2,4,,,2026-06-25T20:11:39.436684+00:00
385,1319,Texas Rangers,2026-06-27,15:20,137.0,18,18 Holes,0,2,4,,,2026-06-25T20:11:39.437660+00:00
386,1319,Texas Rangers,2026-06-27,15:20,215.0,18,Prepaid - 18 Holes,0,2,4,,,2026-06-25T20:11:39.438339+00:00
387,1319,Texas Rangers,2026-06-27,15:30,137.0,18,18 Holes,0,2,4,,,2026-06-25T20:11:39.580667+00:00
388,1319,Texas Rangers,2026-06-27,15:30,215.0,18,Prepaid - 18 Holes,0,2,4,,,2026-06-25T20:11:39.582205+00:00
389,1319,Texas Rangers,2026-06-27,15:40,137.0,18,18 Holes,0,2,4,,,2026-06-25T20:11:39.664434+00:00
390,1319,Texas Rangers,2026-06-27,15:40,215.0,18,Prepaid - 18 Holes,0,2,4,,,2026-06-25T20:11:39.665448+00:00
391,1319,Texas Rangers,2026-06-27,16:10,97.0,18,18 Holes,0,2,4,,,2026-06-25T20:11:39.753608+00:00
392,1319,Texas Rangers,2026-06-27,16:10,215.0,18,Prepaid - 18 Holes,0,2,4,,,2026-06-25T20:11:39.754595+00:00
393,1319,Texas Rangers,2026-06-27,16:20,97.0,18,18 Holes,0,2,4,,,2026-06-25T20:11:39.755596+00:00
394,1319,Texas Rangers,2026-06-27,16:20,215.0,18,Prepaid - 18 Holes,0,2,4,,,2026-06-25T20:11:39.756328+00:00
395,1319,Texas Rangers,2026-06-27,16:30,97.0,18,18 Holes,0,2,4,,,2026-06-25T20:11:39.848914+00:00
396,1319,Texas Rangers,2026-06-27,16:30,215.0,18,Prepaid - 18 Holes,0,2,4,,,2026-06-25T20:11:39.849911+00:00
397,1319,Texas Rangers,2026-06-27,16:40,97.0,18,18 Holes,0,2,4,,,2026-06-25T20:11:40.034947+00:00
398,1319,Texas Rangers,2026-06-27,16:40,215.0,18,Prepaid - 18 Holes,0,2,4,,,2026-06-25T20:11:40.035760+00:00
399,1319,Texas Rangers,2026-06-27,16:50,97.0,18,18 Holes,0,2,4,,,2026-06-25T20:11:40.125629+00:00
400,1319,Texas Rangers,2026-06-27,16:50,215.0,18,Prepaid - 18 Holes,0,2,4,,,2026-06-25T20:11:40.126611+00:00
401,1319,Texas Rangers,2026-06-27,17:00,96.0,18,18 Holes,0,2,4,,,2026-06-25T20:11:40.224574+00:00
402,1319,Texas Rangers,2026-06-27,17:00,215.0,18,Prepaid - 18 Holes,0,2,4,,,2026-06-25T20:11:40.225491+00:00
403,1319,Texas Rangers,2026-06-27,17:10,96.0,18,18 Holes,0,2,4,,,2026-06-25T20:11:40.226401+00:00
404,1319,Texas Rangers,2026-06-27,17:10,215.0,18,Prepaid - 18 Holes,0,2,4,,,2026-06-25T20:11:40.227139+00:00
405,1319,Texas Rangers,2026-06-27,17:20,96.0,18,18 Holes,0,2,4,,,2026-06-25T20:11:40.350442+00:00
406,1319,Texas Rangers,2026-06-27,17:20,215.0,18,Prepaid - 18 Holes,0,2,4,,,2026-06-25T20:11:40.351301+00:00
407,1319,Texas Rangers,2026-06-27,17:30,96.0,18,18 Holes,0,2,4,,,2026-06-25T20:11:40.441925+00:00
408,1319,Texas Rangers,2026-06-27,17:30,215.0,18,Prepaid - 18 Holes,0,2,4,,,2026-06-25T20:11:40.442843+00:00
409,1319,Texas Rangers,2026-06-27,17:40,96.0,18,18 Holes,0,2,4,,,2026-06-25T20:11:40.543961+00:00
410,1319,Texas Rangers,2026-06-27,17:40,215.0,18,Prepaid - 18 Holes,0,2,4,,,2026-06-25T20:11:40.544910+00:00
411,1319,Texas Rangers,2026-06-27,17:50,96.0,18,18 Holes,0,2,4,,,2026-06-25T20:11:40.626407+00:00
412,1319,Texas Rangers,2026-06-27,17:50,215.0,18,Prepaid - 18 Holes,0,2,4,,,2026-06-25T20:11:40.627284+00:00
413,1319,Texas Rangers,2026-06-27,18:00,96.0,18,18 Holes,0,2,4,,,2026-06-25T20:11:40.814860+00:00
414,1319,Texas Rangers,2026-06-27,18:00,215.0,18,Prepaid - 18 Holes,0,2,4,,,2026-06-25T20:11:40.816413+00:00
415,1319,Texas Rangers,2026-06-28,11:10,150.0,18,18 Holes,0,3,2,2,100.0,2026-06-25T20:11:41.094271+00:00
416,1319,Texas Rangers,2026-06-28,11:10,215.0,18,Prepaid - 18 Holes,0,3,2,2,100.0,2026-06-25T20:11:41.095257+00:00
417,1319,Texas Rangers,2026-06-28,12:50,150.0,18,18 Holes,0,3,4,,,2026-06-25T20:11:41.096163+00:00
418,1319,Texas Rangers,2026-06-28,12:50,215.0,18,Prepaid - 18 Holes,0,3,4,,,2026-06-25T20:11:41.096847+00:00
419,1319,Texas Rangers,2026-06-28,13:20,139.0,18,18 Holes,0,3,4,,,2026-06-25T20:11:41.097665+00:00
420,1319,Texas Rangers,2026-06-28,13:20,215.0,18,Prepaid - 18 Holes,0,3,4,,,2026-06-25T20:11:41.098244+00:00
421,1319,Texas Rangers,2026-06-28,13:40,139.0,18,18 Holes,0,3,4,,,2026-06-25T20:11:41.099089+00:00
422,1319,Texas Rangers,2026-06-28,13:40,215.0,18,Prepaid - 18 Holes,0,3,4,,,2026-06-25T20:11:41.099631+00:00
423,1319,Texas Rangers,2026-06-28,13:50,139.0,18,18 Holes,0,3,4,,,2026-06-25T20:11:41.260260+00:00
424,1319,Texas Rangers,2026-06-28,13:50,215.0,18,Prepaid - 18 Holes,0,3,4,,,2026-06-25T20:11:41.261301+00:00
425,1319,Texas Rangers,2026-06-28,14:00,133.0,18,18 Holes,0,3,4,,,2026-06-25T20:11:41.372172+00:00
426,1319,Texas Rangers,2026-06-28,14:00,215.0,18,Prepaid - 18 Holes,0,3,4,,,2026-06-25T20:11:41.373115+00:00
427,1319,Texas Rangers,2026-06-28,14:10,133.0,18,18 Holes,0,3,4,,,2026-06-25T20:11:41.374087+00:00
428,1319,Texas Rangers,2026-06-28,14:10,215.0,18,Prepaid - 18 Holes,0,3,4,,,2026-06-25T20:11:41.374660+00:00
429,1319,Texas Rangers,2026-06-28,14:20,133.0,18,18 Holes,0,3,4,,,2026-06-25T20:11:41.452985+00:00
430,1319,Texas Rangers,2026-06-28,14:20,215.0,18,Prepaid - 18 Holes,0,3,4,,,2026-06-25T20:11:41.453841+00:00
431,1319,Texas Rangers,2026-06-28,14:40,133.0,18,18 Holes,0,3,4,,,2026-06-25T20:11:41.672537+00:00
432,1319,Texas Rangers,2026-06-28,14:40,215.0,18,Prepaid - 18 Holes,0,3,4,,,2026-06-25T20:11:41.673330+00:00
433,1319,Texas Rangers,2026-06-28,14:50,133.0,18,18 Holes,0,3,4,,,2026-06-25T20:11:41.756494+00:00
434,1319,Texas Rangers,2026-06-28,14:50,215.0,18,Prepaid - 18 Holes,0,3,4,,,2026-06-25T20:11:41.757360+00:00
435,1319,Texas Rangers,2026-06-28,15:20,137.0,18,18 Holes,0,3,4,,,2026-06-25T20:11:41.852197+00:00
436,1319,Texas Rangers,2026-06-28,15:20,215.0,18,Prepaid - 18 Holes,0,3,4,,,2026-06-25T20:11:41.853748+00:00
437,1319,Texas Rangers,2026-06-28,15:30,137.0,18,18 Holes,0,3,4,,,2026-06-25T20:11:41.854759+00:00
438,1319,Texas Rangers,2026-06-28,15:30,215.0,18,Prepaid - 18 Holes,0,3,4,,,2026-06-25T20:11:41.855352+00:00
439,1319,Texas Rangers,2026-06-28,15:40,137.0,18,18 Holes,0,3,4,,,2026-06-25T20:11:41.960806+00:00
440,1319,Texas Rangers,2026-06-28,15:40,215.0,18,Prepaid - 18 Holes,0,3,4,,,2026-06-25T20:11:41.961677+00:00
441,1319,Texas Rangers,2026-06-28,15:50,137.0,18,18 Holes,0,3,4,,,2026-06-25T20:11:42.052474+00:00
442,1319,Texas Rangers,2026-06-28,15:50,215.0,18,Prepaid - 18 Holes,0,3,4,,,2026-06-25T20:11:42.053400+00:00
443,1319,Texas Rangers,2026-06-28,16:00,97.0,18,18 Holes,0,3,2,2,100.0,2026-06-25T20:11:42.216839+00:00
444,1319,Texas Rangers,2026-06-28,16:00,215.0,18,Prepaid - 18 Holes,0,3,2,2,100.0,2026-06-25T20:11:42.217754+00:00
445,1319,Texas Rangers,2026-06-28,16:10,97.0,18,18 Holes,0,3,4,,,2026-06-25T20:11:42.218654+00:00
446,1319,Texas Rangers,2026-06-28,16:10,215.0,18,Prepaid - 18 Holes,0,3,4,,,2026-06-25T20:11:42.219254+00:00
447,1319,Texas Rangers,2026-06-28,16:20,97.0,18,18 Holes,0,3,2,2,100.0,2026-06-25T20:11:42.360892+00:00
448,1319,Texas Rangers,2026-06-28,16:20,215.0,18,Prepaid - 18 Holes,0,3,2,2,100.0,2026-06-25T20:11:42.361870+00:00
449,1319,Texas Rangers,2026-06-28,16:30,97.0,18,18 Holes,0,3,4,,,2026-06-25T20:11:42.470473+00:00
450,1319,Texas Rangers,2026-06-28,16:30,215.0,18,Prepaid - 18 Holes,0,3,4,,,2026-06-25T20:11:42.471360+00:00
451,1319,Texas Rangers,2026-06-28,16:40,97.0,18,18 Holes,0,3,4,,,2026-06-25T20:11:42.581575+00:00
452,1319,Texas Rangers,2026-06-28,16:40,215.0,18,Prepaid - 18 Holes,0,3,4,,,2026-06-25T20:11:42.582492+00:00
453,1319,Texas Rangers,2026-06-28,16:50,97.0,18,18 Holes,0,3,4,,,2026-06-25T20:11:42.710090+00:00
454,1319,Texas Rangers,2026-06-28,16:50,215.0,18,Prepaid - 18 Holes,0,3,4,,,2026-06-25T20:11:42.711011+00:00
455,1319,Texas Rangers,2026-06-28,17:00,96.0,18,18 Holes,0,3,4,,,2026-06-25T20:11:42.865379+00:00
456,1319,Texas Rangers,2026-06-28,17:00,215.0,18,Prepaid - 18 Holes,0,3,4,,,2026-06-25T20:11:42.866373+00:00
457,1319,Texas Rangers,2026-06-28,17:10,96.0,18,18 Holes,0,3,4,,,2026-06-25T20:11:42.867460+00:00
458,1319,Texas Rangers,2026-06-28,17:10,215.0,18,Prepaid - 18 Holes,0,3,4,,,2026-06-25T20:11:42.868156+00:00
459,1319,Texas Rangers,2026-06-28,17:20,96.0,18,18 Holes,0,3,4,,,2026-06-25T20:11:42.960134+00:00
460,1319,Texas Rangers,2026-06-28,17:20,215.0,18,Prepaid - 18 Holes,0,3,4,,,2026-06-25T20:11:42.961113+00:00
461,1319,Texas Rangers,2026-06-28,17:30,96.0,18,18 Holes,0,3,4,,,2026-06-25T20:11:43.067675+00:00
462,1319,Texas Rangers,2026-06-28,17:30,215.0,18,Prepaid - 18 Holes,0,3,4,,,2026-06-25T20:11:43.069192+00:00
463,1319,Texas Rangers,2026-06-28,17:40,96.0,18,18 Holes,0,3,4,,,2026-06-25T20:11:43.254324+00:00
464,1319,Texas Rangers,2026-06-28,17:40,215.0,18,Prepaid - 18 Holes,0,3,4,,,2026-06-25T20:11:43.255340+00:00
465,1319,Texas Rangers,2026-06-28,17:50,96.0,18,18 Holes,0,3,4,,,2026-06-25T20:11:43.348503+00:00
466,1319,Texas Rangers,2026-06-28,17:50,215.0,18,Prepaid - 18 Holes,0,3,4,,,2026-06-25T20:11:43.349458+00:00
467,1319,Texas Rangers,2026-06-28,18:00,96.0,18,18 Holes,0,3,4,,,2026-06-25T20:11:43.437013+00:00
468,1319,Texas Rangers,2026-06-28,18:00,215.0,18,Prepaid - 18 Holes,0,3,4,,,2026-06-25T20:11:43.437892+00:00
469,1319,Texas Rangers,2026-06-29,13:40,80.99,18,Hot Deal,1,4,4,,,2026-06-25T20:11:43.927217+00:00
470,1319,Texas Rangers,2026-06-29,13:40,99.0,18,18 Holes,0,4,4,,,2026-06-25T20:11:43.928235+00:00
471,1319,Texas Rangers,2026-06-29,13:50,80.99,18,Hot Deal,1,4,4,,,2026-06-25T20:11:44.104523+00:00
472,1319,Texas Rangers,2026-06-29,13:50,99.0,18,18 Holes,0,4,4,,,2026-06-25T20:11:44.105250+00:00
473,1319,Texas Rangers,2026-06-29,14:00,95.0,18,18 Holes,0,4,4,,,2026-06-25T20:11:44.263952+00:00
474,1319,Texas Rangers,2026-06-29,14:10,95.0,18,18 Holes,0,4,4,,,2026-06-25T20:11:44.265153+00:00
475,1319,Texas Rangers,2026-06-29,14:10,215.0,18,Prepaid - 18 Holes,0,4,4,,,2026-06-25T20:11:44.265699+00:00
476,1319,Texas Rangers,2026-06-29,14:20,95.0,18,18 Holes,0,4,4,,,2026-06-25T20:11:44.398461+00:00
477,1319,Texas Rangers,2026-06-29,14:20,215.0,18,Prepaid - 18 Holes,0,4,4,,,2026-06-25T20:11:44.399425+00:00
478,1319,Texas Rangers,2026-06-29,14:30,95.0,18,18 Holes,0,4,4,,,2026-06-25T20:11:44.484169+00:00
479,1319,Texas Rangers,2026-06-29,14:30,215.0,18,Prepaid - 18 Holes,0,4,4,,,2026-06-25T20:11:44.485088+00:00
480,1319,Texas Rangers,2026-06-29,14:40,95.0,18,18 Holes,0,4,4,,,2026-06-25T20:11:44.573650+00:00
481,1319,Texas Rangers,2026-06-29,14:40,215.0,18,Prepaid - 18 Holes,0,4,4,,,2026-06-25T20:11:44.574777+00:00
482,1319,Texas Rangers,2026-06-29,14:50,95.0,18,18 Holes,0,4,4,,,2026-06-25T20:11:44.679336+00:00
483,1319,Texas Rangers,2026-06-29,14:50,215.0,18,Prepaid - 18 Holes,0,4,4,,,2026-06-25T20:11:44.680256+00:00
484,1319,Texas Rangers,2026-06-29,15:00,95.0,18,18 Holes,0,4,4,,,2026-06-25T20:11:44.837382+00:00
485,1319,Texas Rangers,2026-06-29,15:00,215.0,18,Prepaid - 18 Holes,0,4,4,,,2026-06-25T20:11:44.838303+00:00
486,1319,Texas Rangers,2026-06-29,15:10,95.0,18,18 Holes,0,4,4,,,2026-06-25T20:11:44.839202+00:00
487,1319,Texas Rangers,2026-06-29,15:10,215.0,18,Prepaid - 18 Holes,0,4,4,,,2026-06-25T20:11:44.839802+00:00
488,1319,Texas Rangers,2026-06-29,15:20,95.0,18,18 Holes,0,4,4,,,2026-06-25T20:11:44.928844+00:00
489,1319,Texas Rangers,2026-06-29,15:20,215.0,18,Prepaid - 18 Holes,0,4,4,,,2026-06-25T20:11:44.930408+00:00
490,1319,Texas Rangers,2026-06-29,15:30,95.0,18,18 Holes,0,4,4,,,2026-06-25T20:11:45.012833+00:00
491,1319,Texas Rangers,2026-06-29,15:30,215.0,18,Prepaid - 18 Holes,0,4,4,,,2026-06-25T20:11:45.013760+00:00
492,1319,Texas Rangers,2026-06-29,15:40,95.0,18,18 Holes,0,4,4,,,2026-06-25T20:11:45.107416+00:00
493,1319,Texas Rangers,2026-06-29,15:40,215.0,18,Prepaid - 18 Holes,0,4,4,,,2026-06-25T20:11:45.108452+00:00
494,1319,Texas Rangers,2026-06-29,15:50,95.0,18,18 Holes,0,4,4,,,2026-06-25T20:11:45.265845+00:00
495,1319,Texas Rangers,2026-06-29,15:50,215.0,18,Prepaid - 18 Holes,0,4,4,,,2026-06-25T20:11:45.266844+00:00
496,1319,Texas Rangers,2026-06-29,16:00,74.0,18,18 Holes,0,4,4,,,2026-06-25T20:11:45.362826+00:00
497,1319,Texas Rangers,2026-06-29,16:00,215.0,18,Prepaid - 18 Holes,0,4,4,,,2026-06-25T20:11:45.363890+00:00
498,1319,Texas Rangers,2026-06-29,16:10,74.0,18,18 Holes,0,4,4,,,2026-06-25T20:11:45.364834+00:00
499,1319,Texas Rangers,2026-06-29,16:10,215.0,18,Prepaid - 18 Holes,0,4,4,,,2026-06-25T20:11:45.365472+00:00
500,1319,Texas Rangers,2026-06-29,16:20,74.0,18,18 Holes,0,4,4,,,2026-06-25T20:11:45.492867+00:00
501,1319,Texas Rangers,2026-06-29,16:20,215.0,18,Prepaid - 18 Holes,0,4,4,,,2026-06-25T20:11:45.493768+00:00
502,1319,Texas Rangers,2026-06-29,16:30,74.0,18,18 Holes,0,4,4,,,2026-06-25T20:11:45.860857+00:00
503,1319,Texas Rangers,2026-06-29,16:30,215.0,18,Prepaid - 18 Holes,0,4,4,,,2026-06-25T20:11:45.861495+00:00
504,1319,Texas Rangers,2026-06-29,16:40,74.0,18,18 Holes,0,4,4,,,2026-06-25T20:11:45.997061+00:00
505,1319,Texas Rangers,2026-06-29,16:40,215.0,18,Prepaid - 18 Holes,0,4,4,,,2026-06-25T20:11:45.999239+00:00
506,1319,Texas Rangers,2026-06-29,16:50,74.0,18,18 Holes,0,4,4,,,2026-06-25T20:11:46.177769+00:00
507,1319,Texas Rangers,2026-06-29,16:50,215.0,18,Prepaid - 18 Holes,0,4,4,,,2026-06-25T20:11:46.179210+00:00
508,1319,Texas Rangers,2026-06-29,17:00,74.0,18,18 Holes,0,4,4,,,2026-06-25T20:11:46.261502+00:00
509,1319,Texas Rangers,2026-06-29,17:00,215.0,18,Prepaid - 18 Holes,0,4,4,,,2026-06-25T20:11:46.262523+00:00
510,1319,Texas Rangers,2026-06-29,17:10,74.0,18,18 Holes,0,4,4,,,2026-06-25T20:11:46.263555+00:00
511,1319,Texas Rangers,2026-06-29,17:10,215.0,18,Prepaid - 18 Holes,0,4,4,,,2026-06-25T20:11:46.264230+00:00
512,1319,Texas Rangers,2026-06-29,17:20,74.0,18,18 Holes,0,4,4,,,2026-06-25T20:11:46.414327+00:00
513,1319,Texas Rangers,2026-06-29,17:20,215.0,18,Prepaid - 18 Holes,0,4,4,,,2026-06-25T20:11:46.415208+00:00
514,1319,Texas Rangers,2026-06-29,17:30,74.0,18,18 Holes,0,4,4,,,2026-06-25T20:11:46.540863+00:00
515,1319,Texas Rangers,2026-06-29,17:30,215.0,18,Prepaid - 18 Holes,0,4,4,,,2026-06-25T20:11:46.542429+00:00
516,1319,Texas Rangers,2026-06-29,17:40,74.0,18,18 Holes,0,4,4,,,2026-06-25T20:11:46.647454+00:00
517,1319,Texas Rangers,2026-06-29,17:40,215.0,18,Prepaid - 18 Holes,0,4,4,,,2026-06-25T20:11:46.648352+00:00
518,1319,Texas Rangers,2026-06-29,17:50,74.0,18,18 Holes,0,4,4,,,2026-06-25T20:11:46.799914+00:00
519,1319,Texas Rangers,2026-06-29,17:50,215.0,18,Prepaid - 18 Holes,0,4,4,,,2026-06-25T20:11:46.800766+00:00
520,1319,Texas Rangers,2026-06-29,18:00,74.0,18,18 Holes,0,4,4,,,2026-06-25T20:11:46.903019+00:00
521,1319,Texas Rangers,2026-06-29,18:00,215.0,18,Prepaid - 18 Holes,0,4,4,,,2026-06-25T20:11:46.904023+00:00
522,1319,Texas Rangers,2026-06-30,07:00,95.0,18,18 Holes,0,5,4,,,2026-06-25T20:11:47.349119+00:00
523,1319,Texas Rangers,2026-06-30,07:00,215.0,18,Prepaid - 18 Holes,0,5,4,,,2026-06-25T20:11:47.350411+00:00
524,1319,Texas Rangers,2026-06-30,07:10,95.0,18,18 Holes,0,5,4,,,2026-06-25T20:11:47.351251+00:00
525,1319,Texas Rangers,2026-06-30,07:10,215.0,18,Prepaid - 18 Holes,0,5,4,,,2026-06-25T20:11:47.352050+00:00
526,1319,Texas Rangers,2026-06-30,07:20,95.0,18,18 Holes,0,5,4,,,2026-06-25T20:11:47.487260+00:00
527,1319,Texas Rangers,2026-06-30,07:20,215.0,18,Prepaid - 18 Holes,0,5,4,,,2026-06-25T20:11:47.488171+00:00
528,1319,Texas Rangers,2026-06-30,07:30,95.0,18,18 Holes,0,5,4,,,2026-06-25T20:11:47.796921+00:00
529,1319,Texas Rangers,2026-06-30,07:30,215.0,18,Prepaid - 18 Holes,0,5,4,,,2026-06-25T20:11:47.797569+00:00
530,1319,Texas Rangers,2026-06-30,07:40,95.0,18,18 Holes,0,5,4,,,2026-06-25T20:11:47.879794+00:00
531,1319,Texas Rangers,2026-06-30,07:40,215.0,18,Prepaid - 18 Holes,0,5,4,,,2026-06-25T20:11:47.880777+00:00
532,1319,Texas Rangers,2026-06-30,07:50,95.0,18,18 Holes,0,5,4,,,2026-06-25T20:11:48.029122+00:00
533,1319,Texas Rangers,2026-06-30,07:50,215.0,18,Prepaid - 18 Holes,0,5,4,,,2026-06-25T20:11:48.030012+00:00
534,1319,Texas Rangers,2026-06-30,08:10,99.0,18,18 Holes,0,5,4,,,2026-06-25T20:11:48.127976+00:00
535,1319,Texas Rangers,2026-06-30,08:10,215.0,18,Prepaid - 18 Holes,0,5,4,,,2026-06-25T20:11:48.128867+00:00
536,1319,Texas Rangers,2026-06-30,08:40,99.0,18,18 Holes,0,5,4,,,2026-06-25T20:11:48.129872+00:00
537,1319,Texas Rangers,2026-06-30,08:40,215.0,18,Prepaid - 18 Holes,0,5,4,,,2026-06-25T20:11:48.130459+00:00
538,1319,Texas Rangers,2026-06-30,08:50,99.0,18,18 Holes,0,5,4,,,2026-06-25T20:11:48.217805+00:00
539,1319,Texas Rangers,2026-06-30,08:50,215.0,18,Prepaid - 18 Holes,0,5,4,,,2026-06-25T20:11:48.218778+00:00
540,1319,Texas Rangers,2026-06-30,09:00,95.0,18,18 Holes,0,5,4,,,2026-06-25T20:11:48.301134+00:00
541,1319,Texas Rangers,2026-06-30,09:00,215.0,18,Prepaid - 18 Holes,0,5,4,,,2026-06-25T20:11:48.302127+00:00
542,1319,Texas Rangers,2026-06-30,09:10,95.0,18,18 Holes,0,5,4,,,2026-06-25T20:11:48.303062+00:00
543,1319,Texas Rangers,2026-06-30,09:10,215.0,18,Prepaid - 18 Holes,0,5,4,,,2026-06-25T20:11:48.303596+00:00
544,1319,Texas Rangers,2026-06-30,09:20,95.0,18,18 Holes,0,5,4,,,2026-06-25T20:11:48.430867+00:00
545,1319,Texas Rangers,2026-06-30,09:20,215.0,18,Prepaid - 18 Holes,0,5,4,,,2026-06-25T20:11:48.431766+00:00
546,1319,Texas Rangers,2026-06-30,09:30,95.0,18,18 Holes,0,5,2,2,100.0,2026-06-25T20:11:48.536064+00:00
547,1319,Texas Rangers,2026-06-30,09:30,215.0,18,Prepaid - 18 Holes,0,5,2,2,100.0,2026-06-25T20:11:48.537100+00:00
548,1319,Texas Rangers,2026-06-30,09:40,95.0,18,18 Holes,0,5,4,,,2026-06-25T20:11:48.627381+00:00
549,1319,Texas Rangers,2026-06-30,09:40,215.0,18,Prepaid - 18 Holes,0,5,4,,,2026-06-25T20:11:48.629049+00:00
550,1319,Texas Rangers,2026-06-30,09:50,95.0,18,18 Holes,0,5,4,,,2026-06-25T20:11:48.786340+00:00
551,1319,Texas Rangers,2026-06-30,09:50,215.0,18,Prepaid - 18 Holes,0,5,4,,,2026-06-25T20:11:48.787311+00:00
552,1319,Texas Rangers,2026-06-30,10:00,80.99,18,Hot Deal,1,5,2,2,100.0,2026-06-25T20:11:48.877568+00:00
553,1319,Texas Rangers,2026-06-30,10:00,97.0,18,18 Holes,0,5,2,2,100.0,2026-06-25T20:11:48.878528+00:00
554,1319,Texas Rangers,2026-06-30,10:00,215.0,18,Prepaid - 18 Holes,0,5,2,2,100.0,2026-06-25T20:11:48.879194+00:00
555,1319,Texas Rangers,2026-06-30,10:20,97.0,18,18 Holes,0,5,4,,,2026-06-25T20:11:48.965298+00:00
556,1319,Texas Rangers,2026-06-30,10:20,215.0,18,Prepaid - 18 Holes,0,5,4,,,2026-06-25T20:11:48.966353+00:00
557,1319,Texas Rangers,2026-06-30,10:30,97.0,18,18 Holes,0,5,4,,,2026-06-25T20:11:49.052220+00:00
558,1319,Texas Rangers,2026-06-30,10:30,215.0,18,Prepaid - 18 Holes,0,5,4,,,2026-06-25T20:11:49.053132+00:00
559,1319,Texas Rangers,2026-06-30,10:40,97.0,18,18 Holes,0,5,4,,,2026-06-25T20:11:49.269596+00:00
560,1319,Texas Rangers,2026-06-30,10:40,215.0,18,Prepaid - 18 Holes,0,5,4,,,2026-06-25T20:11:49.286831+00:00
561,1319,Texas Rangers,2026-06-30,10:50,80.99,18,Hot Deal,1,5,4,,,2026-06-25T20:11:49.375311+00:00
562,1319,Texas Rangers,2026-06-30,10:50,97.0,18,18 Holes,0,5,4,,,2026-06-25T20:11:49.376162+00:00
563,1319,Texas Rangers,2026-06-30,10:50,215.0,18,Prepaid - 18 Holes,0,5,4,,,2026-06-25T20:11:49.376789+00:00
564,1319,Texas Rangers,2026-06-30,11:00,95.0,18,18 Holes,0,5,4,,,2026-06-25T20:11:49.481588+00:00
565,1319,Texas Rangers,2026-06-30,11:00,215.0,18,Prepaid - 18 Holes,0,5,4,,,2026-06-25T20:11:49.482447+00:00
566,1319,Texas Rangers,2026-06-30,11:10,95.0,18,18 Holes,0,5,4,,,2026-06-25T20:11:49.483430+00:00
567,1319,Texas Rangers,2026-06-30,11:10,215.0,18,Prepaid - 18 Holes,0,5,4,,,2026-06-25T20:11:49.484133+00:00
568,1319,Texas Rangers,2026-06-30,11:20,95.0,18,18 Holes,0,5,4,,,2026-06-25T20:11:49.696516+00:00
569,1319,Texas Rangers,2026-06-30,11:20,215.0,18,Prepaid - 18 Holes,0,5,4,,,2026-06-25T20:11:49.697469+00:00
570,1319,Texas Rangers,2026-06-30,11:30,95.0,18,18 Holes,0,5,4,,,2026-06-25T20:11:49.791266+00:00
571,1319,Texas Rangers,2026-06-30,11:30,215.0,18,Prepaid - 18 Holes,0,5,4,,,2026-06-25T20:11:49.792259+00:00
572,1319,Texas Rangers,2026-06-30,11:40,95.0,18,18 Holes,0,5,4,,,2026-06-25T20:11:49.970929+00:00
573,1319,Texas Rangers,2026-06-30,11:40,215.0,18,Prepaid - 18 Holes,0,5,4,,,2026-06-25T20:11:49.971795+00:00
574,1319,Texas Rangers,2026-06-30,11:50,95.0,18,18 Holes,0,5,4,,,2026-06-25T20:11:50.076875+00:00
575,1319,Texas Rangers,2026-06-30,11:50,215.0,18,Prepaid - 18 Holes,0,5,4,,,2026-06-25T20:11:50.078498+00:00
576,1319,Texas Rangers,2026-06-30,12:10,96.0,18,18 Holes,0,5,4,,,2026-06-25T20:11:50.168800+00:00
577,1319,Texas Rangers,2026-06-30,12:10,215.0,18,Prepaid - 18 Holes,0,5,4,,,2026-06-25T20:11:50.169746+00:00
578,1319,Texas Rangers,2026-06-30,12:20,96.0,18,18 Holes,0,5,4,,,2026-06-25T20:11:50.170671+00:00
579,1319,Texas Rangers,2026-06-30,12:20,215.0,18,Prepaid - 18 Holes,0,5,4,,,2026-06-25T20:11:50.171377+00:00
580,1319,Texas Rangers,2026-06-30,12:30,96.0,18,18 Holes,0,5,4,,,2026-06-25T20:11:50.277692+00:00
581,1319,Texas Rangers,2026-06-30,12:30,215.0,18,Prepaid - 18 Holes,0,5,4,,,2026-06-25T20:11:50.278626+00:00
582,1319,Texas Rangers,2026-06-30,12:40,96.0,18,18 Holes,0,5,4,,,2026-06-25T20:11:50.409163+00:00
583,1319,Texas Rangers,2026-06-30,12:40,215.0,18,Prepaid - 18 Holes,0,5,4,,,2026-06-25T20:11:50.410111+00:00
584,1319,Texas Rangers,2026-06-30,12:50,96.0,18,18 Holes,0,5,4,,,2026-06-25T20:11:50.503602+00:00
585,1319,Texas Rangers,2026-06-30,12:50,215.0,18,Prepaid - 18 Holes,0,5,4,,,2026-06-25T20:11:50.504516+00:00
586,1319,Texas Rangers,2026-06-30,13:00,96.0,18,18 Holes,0,5,4,,,2026-06-25T20:11:50.592980+00:00
587,1319,Texas Rangers,2026-06-30,13:00,215.0,18,Prepaid - 18 Holes,0,5,4,,,2026-06-25T20:11:50.593868+00:00
588,1319,Texas Rangers,2026-06-30,13:10,96.0,18,18 Holes,0,5,4,,,2026-06-25T20:11:50.594745+00:00
589,1319,Texas Rangers,2026-06-30,13:10,215.0,18,Prepaid - 18 Holes,0,5,4,,,2026-06-25T20:11:50.595291+00:00
590,1319,Texas Rangers,2026-06-30,13:20,96.0,18,18 Holes,0,5,4,,,2026-06-25T20:11:50.770991+00:00
591,1319,Texas Rangers,2026-06-30,13:20,215.0,18,Prepaid - 18 Holes,0,5,4,,,2026-06-25T20:11:50.771866+00:00
592,1319,Texas Rangers,2026-06-30,13:30,96.0,18,18 Holes,0,5,4,,,2026-06-25T20:11:50.904893+00:00
593,1319,Texas Rangers,2026-06-30,13:30,215.0,18,Prepaid - 18 Holes,0,5,4,,,2026-06-25T20:11:50.905822+00:00
594,1319,Texas Rangers,2026-06-30,13:50,96.0,18,18 Holes,0,5,4,,,2026-06-25T20:11:51.002200+00:00
595,1319,Texas Rangers,2026-06-30,13:50,215.0,18,Prepaid - 18 Holes,0,5,4,,,2026-06-25T20:11:51.003165+00:00
596,1319,Texas Rangers,2026-06-30,14:00,95.0,18,18 Holes,0,5,4,,,2026-06-25T20:11:51.089637+00:00
597,1319,Texas Rangers,2026-06-30,14:00,215.0,18,Prepaid - 18 Holes,0,5,4,,,2026-06-25T20:11:51.090611+00:00
598,1319,Texas Rangers,2026-06-30,14:10,95.0,18,18 Holes,0,5,4,,,2026-06-25T20:11:51.091518+00:00
599,1319,Texas Rangers,2026-06-30,14:10,215.0,18,Prepaid - 18 Holes,0,5,4,,,2026-06-25T20:11:51.092344+00:00
600,1319,Texas Rangers,2026-06-30,14:20,95.0,18,18 Holes,0,5,4,,,2026-06-25T20:11:51.270979+00:00
601,1319,Texas Rangers,2026-06-30,14:20,215.0,18,Prepaid - 18 Holes,0,5,4,,,2026-06-25T20:11:51.272489+00:00
602,1319,Texas Rangers,2026-06-30,14:30,95.0,18,18 Holes,0,5,4,,,2026-06-25T20:11:51.356990+00:00
603,1319,Texas Rangers,2026-06-30,14:30,215.0,18,Prepaid - 18 Holes,0,5,4,,,2026-06-25T20:11:51.357915+00:00
604,1319,Texas Rangers,2026-06-30,14:40,95.0,18,18 Holes,0,5,4,,,2026-06-25T20:11:51.449234+00:00
605,1319,Texas Rangers,2026-06-30,14:40,215.0,18,Prepaid - 18 Holes,0,5,4,,,2026-06-25T20:11:51.450110+00:00
606,1319,Texas Rangers,2026-06-30,14:50,95.0,18,18 Holes,0,5,4,,,2026-06-25T20:11:51.694031+00:00
607,1319,Texas Rangers,2026-06-30,14:50,215.0,18,Prepaid - 18 Holes,0,5,4,,,2026-06-25T20:11:51.694686+00:00
608,1319,Texas Rangers,2026-06-30,15:00,95.0,18,18 Holes,0,5,4,,,2026-06-25T20:11:51.781488+00:00
609,1319,Texas Rangers,2026-06-30,15:00,215.0,18,Prepaid - 18 Holes,0,5,4,,,2026-06-25T20:11:51.782459+00:00
610,1319,Texas Rangers,2026-06-30,15:10,95.0,18,18 Holes,0,5,4,,,2026-06-25T20:11:51.783420+00:00
611,1319,Texas Rangers,2026-06-30,15:10,215.0,18,Prepaid - 18 Holes,0,5,4,,,2026-06-25T20:11:51.784045+00:00
612,1319,Texas Rangers,2026-06-30,15:20,95.0,18,18 Holes,0,5,4,,,2026-06-25T20:11:51.887112+00:00
613,1319,Texas Rangers,2026-06-30,15:20,215.0,18,Prepaid - 18 Holes,0,5,4,,,2026-06-25T20:11:51.888060+00:00
614,1319,Texas Rangers,2026-06-30,15:30,95.0,18,18 Holes,0,5,4,,,2026-06-25T20:11:52.024133+00:00
615,1319,Texas Rangers,2026-06-30,15:30,215.0,18,Prepaid - 18 Holes,0,5,4,,,2026-06-25T20:11:52.025054+00:00
616,1319,Texas Rangers,2026-06-30,15:40,95.0,18,18 Holes,0,5,4,,,2026-06-25T20:11:52.127818+00:00
617,1319,Texas Rangers,2026-06-30,15:40,215.0,18,Prepaid - 18 Holes,0,5,4,,,2026-06-25T20:11:52.128754+00:00
618,1319,Texas Rangers,2026-06-30,15:50,95.0,18,18 Holes,0,5,4,,,2026-06-25T20:11:54.297542+00:00
619,1319,Texas Rangers,2026-06-30,15:50,215.0,18,Prepaid - 18 Holes,0,5,4,,,2026-06-25T20:11:54.298246+00:00
620,1319,Texas Rangers,2026-06-30,16:00,74.0,18,18 Holes,0,5,4,,,2026-06-25T20:11:54.430382+00:00
621,1319,Texas Rangers,2026-06-30,16:00,215.0,18,Prepaid - 18 Holes,0,5,4,,,2026-06-25T20:11:54.431374+00:00
622,1319,Texas Rangers,2026-06-30,16:10,74.0,18,18 Holes,0,5,4,,,2026-06-25T20:11:54.432290+00:00
623,1319,Texas Rangers,2026-06-30,16:10,215.0,18,Prepaid - 18 Holes,0,5,4,,,2026-06-25T20:11:54.432856+00:00
624,1319,Texas Rangers,2026-06-30,16:20,74.0,18,18 Holes,0,5,4,,,2026-06-25T20:11:54.574526+00:00
625,1319,Texas Rangers,2026-06-30,16:20,215.0,18,Prepaid - 18 Holes,0,5,4,,,2026-06-25T20:11:54.575984+00:00
626,1319,Texas Rangers,2026-06-30,16:30,74.0,18,18 Holes,0,5,4,,,2026-06-25T20:11:54.764323+00:00
627,1319,Texas Rangers,2026-06-30,16:30,215.0,18,Prepaid - 18 Holes,0,5,4,,,2026-06-25T20:11:54.765348+00:00
628,1319,Texas Rangers,2026-06-30,16:40,74.0,18,18 Holes,0,5,4,,,2026-06-25T20:11:54.937505+00:00
629,1319,Texas Rangers,2026-06-30,16:40,215.0,18,Prepaid - 18 Holes,0,5,4,,,2026-06-25T20:11:54.938495+00:00
630,1319,Texas Rangers,2026-06-30,16:50,74.0,18,18 Holes,0,5,4,,,2026-06-25T20:11:55.071187+00:00
631,1319,Texas Rangers,2026-06-30,16:50,215.0,18,Prepaid - 18 Holes,0,5,4,,,2026-06-25T20:11:55.072099+00:00
632,1319,Texas Rangers,2026-06-30,17:00,74.0,18,18 Holes,0,5,4,,,2026-06-25T20:11:55.209858+00:00
633,1319,Texas Rangers,2026-06-30,17:00,215.0,18,Prepaid - 18 Holes,0,5,4,,,2026-06-25T20:11:55.210749+00:00
634,1319,Texas Rangers,2026-06-30,17:10,74.0,18,18 Holes,0,5,4,,,2026-06-25T20:11:55.211742+00:00
635,1319,Texas Rangers,2026-06-30,17:10,215.0,18,Prepaid - 18 Holes,0,5,4,,,2026-06-25T20:11:55.212364+00:00
636,1319,Texas Rangers,2026-06-30,17:20,74.0,18,18 Holes,0,5,4,,,2026-06-25T20:11:55.368036+00:00
637,1319,Texas Rangers,2026-06-30,17:20,215.0,18,Prepaid - 18 Holes,0,5,4,,,2026-06-25T20:11:55.369022+00:00
638,1319,Texas Rangers,2026-06-30,17:30,74.0,18,18 Holes,0,5,4,,,2026-06-25T20:11:55.473168+00:00
639,1319,Texas Rangers,2026-06-30,17:30,215.0,18,Prepaid - 18 Holes,0,5,4,,,2026-06-25T20:11:55.474097+00:00
640,1319,Texas Rangers,2026-06-30,17:40,74.0,18,18 Holes,0,5,4,,,2026-06-25T20:11:55.572047+00:00
641,1319,Texas Rangers,2026-06-30,17:40,215.0,18,Prepaid - 18 Holes,0,5,4,,,2026-06-25T20:11:55.573057+00:00
642,1319,Texas Rangers,2026-06-30,17:50,74.0,18,18 Holes,0,5,4,,,2026-06-25T20:11:55.689061+00:00
643,1319,Texas Rangers,2026-06-30,17:50,215.0,18,Prepaid - 18 Holes,0,5,4,,,2026-06-25T20:11:55.690007+00:00
644,1319,Texas Rangers,2026-06-30,18:00,74.0,18,18 Holes,0,5,4,,,2026-06-25T20:11:55.909608+00:00
645,1319,Texas Rangers,2026-06-30,18:00,215.0,18,Prepaid - 18 Holes,0,5,4,,,2026-06-25T20:11:55.910298+00:00
646,1319,Texas Rangers,2026-07-01,07:00,102.0,18,18 Holes,0,6,4,,,2026-06-25T20:11:56.407828+00:00
647,1319,Texas Rangers,2026-07-01,07:00,215.0,18,Prepaid - 18 Holes,0,6,4,,,2026-06-25T20:11:56.409294+00:00
648,1319,Texas Rangers,2026-07-01,07:20,102.0,18,18 Holes,0,6,2,2,100.0,2026-06-25T20:11:56.410286+00:00
649,1319,Texas Rangers,2026-07-01,07:20,215.0,18,Prepaid - 18 Holes,0,6,2,2,100.0,2026-06-25T20:11:56.410939+00:00
650,1319,Texas Rangers,2026-07-01,08:10,103.0,18,18 Holes,0,6,4,,,2026-06-25T20:11:56.544437+00:00
651,1319,Texas Rangers,2026-07-01,08:10,215.0,18,Prepaid - 18 Holes,0,6,4,,,2026-06-25T20:11:56.545385+00:00
652,1319,Texas Rangers,2026-07-01,09:20,99.0,18,18 Holes,0,6,4,,,2026-06-25T20:11:56.546390+00:00
653,1319,Texas Rangers,2026-07-01,09:20,215.0,18,Prepaid - 18 Holes,0,6,4,,,2026-06-25T20:11:56.546944+00:00
654,1319,Texas Rangers,2026-07-01,09:30,99.0,18,18 Holes,0,6,4,,,2026-06-25T20:11:56.547867+00:00
655,1319,Texas Rangers,2026-07-01,09:30,215.0,18,Prepaid - 18 Holes,0,6,4,,,2026-06-25T20:11:56.548462+00:00
656,1319,Texas Rangers,2026-07-01,09:40,99.0,18,18 Holes,0,6,4,,,2026-06-25T20:11:56.672221+00:00
657,1319,Texas Rangers,2026-07-01,09:40,215.0,18,Prepaid - 18 Holes,0,6,4,,,2026-06-25T20:11:56.673143+00:00
658,1319,Texas Rangers,2026-07-01,10:10,82.99,18,Hot Deal,1,6,2,2,100.0,2026-06-25T20:11:56.766203+00:00
659,1319,Texas Rangers,2026-07-01,10:10,97.0,18,18 Holes,0,6,2,2,100.0,2026-06-25T20:11:56.767091+00:00
660,1319,Texas Rangers,2026-07-01,10:10,215.0,18,Prepaid - 18 Holes,0,6,2,2,100.0,2026-06-25T20:11:56.767688+00:00
661,1319,Texas Rangers,2026-07-01,10:20,97.0,18,18 Holes,0,6,4,,,2026-06-25T20:11:56.865451+00:00
662,1319,Texas Rangers,2026-07-01,10:20,215.0,18,Prepaid - 18 Holes,0,6,4,,,2026-06-25T20:11:56.866378+00:00
663,1319,Texas Rangers,2026-07-01,10:30,97.0,18,18 Holes,0,6,4,,,2026-06-25T20:11:57.004797+00:00
664,1319,Texas Rangers,2026-07-01,10:30,215.0,18,Prepaid - 18 Holes,0,6,4,,,2026-06-25T20:11:57.005764+00:00
665,1319,Texas Rangers,2026-07-01,10:40,97.0,18,18 Holes,0,6,4,,,2026-06-25T20:11:57.096255+00:00
666,1319,Texas Rangers,2026-07-01,10:40,215.0,18,Prepaid - 18 Holes,0,6,4,,,2026-06-25T20:11:57.097126+00:00
667,1319,Texas Rangers,2026-07-01,10:50,97.0,18,18 Holes,0,6,4,,,2026-06-25T20:11:57.196929+00:00
668,1319,Texas Rangers,2026-07-01,10:50,215.0,18,Prepaid - 18 Holes,0,6,4,,,2026-06-25T20:11:57.197843+00:00
669,1319,Texas Rangers,2026-07-01,11:00,80.99,18,Hot Deal,1,6,4,,,2026-06-25T20:11:57.286037+00:00
670,1319,Texas Rangers,2026-07-01,11:00,98.0,18,18 Holes,0,6,4,,,2026-06-25T20:11:57.287075+00:00
671,1319,Texas Rangers,2026-07-01,11:00,215.0,18,Prepaid - 18 Holes,0,6,4,,,2026-06-25T20:11:57.287710+00:00
672,1319,Texas Rangers,2026-07-01,11:10,98.0,18,18 Holes,0,6,4,,,2026-06-25T20:11:57.397623+00:00
673,1319,Texas Rangers,2026-07-01,11:10,215.0,18,Prepaid - 18 Holes,0,6,4,,,2026-06-25T20:11:57.398779+00:00
674,1319,Texas Rangers,2026-07-01,11:40,98.0,18,18 Holes,0,6,4,,,2026-06-25T20:11:57.502701+00:00
675,1319,Texas Rangers,2026-07-01,11:40,215.0,18,Prepaid - 18 Holes,0,6,4,,,2026-06-25T20:11:57.504234+00:00
676,1319,Texas Rangers,2026-07-01,11:50,98.0,18,18 Holes,0,6,4,,,2026-06-25T20:11:57.617364+00:00
677,1319,Texas Rangers,2026-07-01,11:50,215.0,18,Prepaid - 18 Holes,0,6,4,,,2026-06-25T20:11:57.618393+00:00
678,1319,Texas Rangers,2026-07-01,12:00,95.0,18,18 Holes,0,6,4,,,2026-06-25T20:11:57.892736+00:00
679,1319,Texas Rangers,2026-07-01,12:00,215.0,18,Prepaid - 18 Holes,0,6,4,,,2026-06-25T20:11:57.893396+00:00
680,1319,Texas Rangers,2026-07-01,12:10,95.0,18,18 Holes,0,6,4,,,2026-06-25T20:11:57.894436+00:00
681,1319,Texas Rangers,2026-07-01,12:10,215.0,18,Prepaid - 18 Holes,0,6,4,,,2026-06-25T20:11:57.895036+00:00
682,1319,Texas Rangers,2026-07-01,12:20,95.0,18,18 Holes,0,6,4,,,2026-06-25T20:11:57.978998+00:00
683,1319,Texas Rangers,2026-07-01,12:20,215.0,18,Prepaid - 18 Holes,0,6,4,,,2026-06-25T20:11:57.979937+00:00
684,1319,Texas Rangers,2026-07-01,12:30,95.0,18,18 Holes,0,6,4,,,2026-06-25T20:11:58.102687+00:00
685,1319,Texas Rangers,2026-07-01,12:30,215.0,18,Prepaid - 18 Holes,0,6,4,,,2026-06-25T20:11:58.103740+00:00
686,1319,Texas Rangers,2026-07-01,12:40,95.0,18,18 Holes,0,6,4,,,2026-06-25T20:11:58.239576+00:00
687,1319,Texas Rangers,2026-07-01,12:40,215.0,18,Prepaid - 18 Holes,0,6,4,,,2026-06-25T20:11:58.240540+00:00
688,1319,Texas Rangers,2026-07-01,12:50,95.0,18,18 Holes,0,6,4,,,2026-06-25T20:11:58.328864+00:00
689,1319,Texas Rangers,2026-07-01,12:50,215.0,18,Prepaid - 18 Holes,0,6,4,,,2026-06-25T20:11:58.330049+00:00
690,1319,Texas Rangers,2026-07-01,13:00,95.0,18,18 Holes,0,6,4,,,2026-06-25T20:11:58.422815+00:00
691,1319,Texas Rangers,2026-07-01,13:00,215.0,18,Prepaid - 18 Holes,0,6,4,,,2026-06-25T20:11:58.423741+00:00
692,1319,Texas Rangers,2026-07-01,13:10,95.0,18,18 Holes,0,6,4,,,2026-06-25T20:11:58.424674+00:00
693,1319,Texas Rangers,2026-07-01,13:10,215.0,18,Prepaid - 18 Holes,0,6,4,,,2026-06-25T20:11:58.425287+00:00
694,1319,Texas Rangers,2026-07-01,13:20,95.0,18,18 Holes,0,6,4,,,2026-06-25T20:11:58.609470+00:00
695,1319,Texas Rangers,2026-07-01,13:20,215.0,18,Prepaid - 18 Holes,0,6,4,,,2026-06-25T20:11:58.610433+00:00
696,1319,Texas Rangers,2026-07-01,13:30,95.0,18,18 Holes,0,6,4,,,2026-06-25T20:11:58.702895+00:00
697,1319,Texas Rangers,2026-07-01,13:30,215.0,18,Prepaid - 18 Holes,0,6,4,,,2026-06-25T20:11:58.703881+00:00
698,1319,Texas Rangers,2026-07-01,13:40,95.0,18,18 Holes,0,6,4,,,2026-06-25T20:11:58.784714+00:00
699,1319,Texas Rangers,2026-07-01,13:40,215.0,18,Prepaid - 18 Holes,0,6,4,,,2026-06-25T20:11:58.785643+00:00
700,1319,Texas Rangers,2026-07-01,13:50,95.0,18,18 Holes,0,6,4,,,2026-06-25T20:11:58.880020+00:00
701,1319,Texas Rangers,2026-07-01,13:50,215.0,18,Prepaid - 18 Holes,0,6,4,,,2026-06-25T20:11:58.881714+00:00
702,1319,Texas Rangers,2026-07-01,14:00,95.0,18,18 Holes,0,6,4,,,2026-06-25T20:11:59.029155+00:00
703,1319,Texas Rangers,2026-07-01,14:00,215.0,18,Prepaid - 18 Holes,0,6,4,,,2026-06-25T20:11:59.030078+00:00
704,1319,Texas Rangers,2026-07-01,14:10,95.0,18,18 Holes,0,6,4,,,2026-06-25T20:11:59.031032+00:00
705,1319,Texas Rangers,2026-07-01,14:10,215.0,18,Prepaid - 18 Holes,0,6,4,,,2026-06-25T20:11:59.031741+00:00
706,1319,Texas Rangers,2026-07-01,14:20,95.0,18,18 Holes,0,6,4,,,2026-06-25T20:11:59.115956+00:00
707,1319,Texas Rangers,2026-07-01,14:20,215.0,18,Prepaid - 18 Holes,0,6,4,,,2026-06-25T20:11:59.116904+00:00
708,1319,Texas Rangers,2026-07-01,14:30,95.0,18,18 Holes,0,6,4,,,2026-06-25T20:11:59.210344+00:00
709,1319,Texas Rangers,2026-07-01,14:30,215.0,18,Prepaid - 18 Holes,0,6,4,,,2026-06-25T20:11:59.211200+00:00
710,1319,Texas Rangers,2026-07-01,14:40,95.0,18,18 Holes,0,6,4,,,2026-06-25T20:11:59.441805+00:00
711,1319,Texas Rangers,2026-07-01,14:40,215.0,18,Prepaid - 18 Holes,0,6,4,,,2026-06-25T20:11:59.442709+00:00
712,1319,Texas Rangers,2026-07-01,14:50,95.0,18,18 Holes,0,6,4,,,2026-06-25T20:11:59.532773+00:00
713,1319,Texas Rangers,2026-07-01,14:50,215.0,18,Prepaid - 18 Holes,0,6,4,,,2026-06-25T20:11:59.533682+00:00
714,1319,Texas Rangers,2026-07-01,15:00,95.0,18,18 Holes,0,6,4,,,2026-06-25T20:11:59.621111+00:00
715,1319,Texas Rangers,2026-07-01,15:00,215.0,18,Prepaid - 18 Holes,0,6,4,,,2026-06-25T20:11:59.621993+00:00
716,1319,Texas Rangers,2026-07-01,15:10,95.0,18,18 Holes,0,6,4,,,2026-06-25T20:11:59.623016+00:00
717,1319,Texas Rangers,2026-07-01,15:10,215.0,18,Prepaid - 18 Holes,0,6,4,,,2026-06-25T20:11:59.623584+00:00
718,1319,Texas Rangers,2026-07-01,15:20,95.0,18,18 Holes,0,6,4,,,2026-06-25T20:11:59.932167+00:00
719,1319,Texas Rangers,2026-07-01,15:20,215.0,18,Prepaid - 18 Holes,0,6,4,,,2026-06-25T20:11:59.932818+00:00
720,1319,Texas Rangers,2026-07-01,15:30,95.0,18,18 Holes,0,6,4,,,2026-06-25T20:12:00.016817+00:00
721,1319,Texas Rangers,2026-07-01,15:30,215.0,18,Prepaid - 18 Holes,0,6,4,,,2026-06-25T20:12:00.017788+00:00
722,1319,Texas Rangers,2026-07-01,15:40,95.0,18,18 Holes,0,6,4,,,2026-06-25T20:12:00.141577+00:00
723,1319,Texas Rangers,2026-07-01,15:40,215.0,18,Prepaid - 18 Holes,0,6,4,,,2026-06-25T20:12:00.142483+00:00
724,1319,Texas Rangers,2026-07-01,15:50,95.0,18,18 Holes,0,6,4,,,2026-06-25T20:12:00.257259+00:00
725,1319,Texas Rangers,2026-07-01,15:50,215.0,18,Prepaid - 18 Holes,0,6,4,,,2026-06-25T20:12:00.258102+00:00
726,1319,Texas Rangers,2026-07-01,16:00,74.0,18,18 Holes,0,6,4,,,2026-06-25T20:12:00.347837+00:00
727,1319,Texas Rangers,2026-07-01,16:00,215.0,18,Prepaid - 18 Holes,0,6,4,,,2026-06-25T20:12:00.349365+00:00
728,1319,Texas Rangers,2026-07-01,16:10,74.0,18,18 Holes,0,6,4,,,2026-06-25T20:12:00.350373+00:00
729,1319,Texas Rangers,2026-07-01,16:10,215.0,18,Prepaid - 18 Holes,0,6,4,,,2026-06-25T20:12:00.350955+00:00
730,1319,Texas Rangers,2026-07-01,16:20,74.0,18,18 Holes,0,6,4,,,2026-06-25T20:12:00.453381+00:00
731,1319,Texas Rangers,2026-07-01,16:20,215.0,18,Prepaid - 18 Holes,0,6,4,,,2026-06-25T20:12:00.454301+00:00
732,1319,Texas Rangers,2026-07-01,16:30,74.0,18,18 Holes,0,6,4,,,2026-06-25T20:12:00.629675+00:00
733,1319,Texas Rangers,2026-07-01,16:30,215.0,18,Prepaid - 18 Holes,0,6,4,,,2026-06-25T20:12:00.630558+00:00
734,1319,Texas Rangers,2026-07-01,16:40,74.0,18,18 Holes,0,6,4,,,2026-06-25T20:12:00.722993+00:00
735,1319,Texas Rangers,2026-07-01,16:40,215.0,18,Prepaid - 18 Holes,0,6,4,,,2026-06-25T20:12:00.723862+00:00
736,1319,Texas Rangers,2026-07-01,16:50,74.0,18,18 Holes,0,6,4,,,2026-06-25T20:12:00.815853+00:00
737,1319,Texas Rangers,2026-07-01,16:50,215.0,18,Prepaid - 18 Holes,0,6,4,,,2026-06-25T20:12:00.816784+00:00
738,1319,Texas Rangers,2026-07-01,17:00,74.0,18,18 Holes,0,6,4,,,2026-06-25T20:12:00.967142+00:00
739,1319,Texas Rangers,2026-07-01,17:00,215.0,18,Prepaid - 18 Holes,0,6,4,,,2026-06-25T20:12:00.968055+00:00
740,1319,Texas Rangers,2026-07-01,17:10,74.0,18,18 Holes,0,6,4,,,2026-06-25T20:12:00.969079+00:00
741,1319,Texas Rangers,2026-07-01,17:10,215.0,18,Prepaid - 18 Holes,0,6,4,,,2026-06-25T20:12:00.969645+00:00
742,1319,Texas Rangers,2026-07-01,17:20,74.0,18,18 Holes,0,6,4,,,2026-06-25T20:12:01.077116+00:00
743,1319,Texas Rangers,2026-07-01,17:20,215.0,18,Prepaid - 18 Holes,0,6,4,,,2026-06-25T20:12:01.078089+00:00
744,1319,Texas Rangers,2026-07-01,17:30,74.0,18,18 Holes,0,6,4,,,2026-06-25T20:12:01.196089+00:00
745,1319,Texas Rangers,2026-07-01,17:30,215.0,18,Prepaid - 18 Holes,0,6,4,,,2026-06-25T20:12:01.196969+00:00
746,1319,Texas Rangers,2026-07-01,17:40,74.0,18,18 Holes,0,6,4,,,2026-06-25T20:12:01.332208+00:00
747,1319,Texas Rangers,2026-07-01,17:40,215.0,18,Prepaid - 18 Holes,0,6,4,,,2026-06-25T20:12:01.333441+00:00
748,1319,Texas Rangers,2026-07-01,17:50,74.0,18,18 Holes,0,6,4,,,2026-06-25T20:12:01.452790+00:00
749,1319,Texas Rangers,2026-07-01,17:50,215.0,18,Prepaid - 18 Holes,0,6,4,,,2026-06-25T20:12:01.453779+00:00
750,1319,Texas Rangers,2026-07-01,18:00,74.0,18,18 Holes,0,6,4,,,2026-06-25T20:12:01.538040+00:00
751,1319,Texas Rangers,2026-07-01,18:00,215.0,18,Prepaid - 18 Holes,0,6,4,,,2026-06-25T20:12:01.539037+00:00
